order,brand,biller
0,瑞幸咖啡,"['luckin coffee', 'luckincoffee', '咖啡', 'Lu', 'LUCK', '幸', 'CK', 'Fee', '瑞', '瑞幸咖啡-2023122320031950904', '瑞幸咖啡(深南茂业百货店)', '瑞幸咖啡官方旗舰店', '待瑞幸咖啡凯旋荟店确认收款', '瑞幸咖啡-2023122413331244682', '瑞幸咖啡(科兴科学园店)', 'Cc’s coffee&amp;bakery;', 'Y COFFEE', 'M coffee', 'I·COFFEE', 'AROMA COFFEE 中信证券大厦店', 'Y.coffee', 'Trunk Coffee Roaster', '无规Noru COFFEE BRUNCN', 'J+COFFEE', '膳 Coffee', 'Little Forest coffee', 'MANNER Coffee 深圳蛇口花园城店', 'COSTA COFFEE(深圳证券交易所店)', 'LUOCKO COFFEE', 'INcoffee', 'LineCoffee', 'TCOFFEE', 'Lcoffee', 'feel', '曦COFFEE', '幸典咖啡', '瑞汐咖啡', 'KACHING COFFEE', 'Luckying', 'lucky', 'Lucky', 'eve', 'eep', 'Lucia', '栖霖(KYLIN COFFEE)', 'BunaCoffee', 'DUNECOFFEE', 'Lucky Cafe', 'LIGACOFFEE']"
1,DQ冰雪皇后,"['DQ', 'Q', '冰雪', '冰', 'q ...', 'q、']"
2,喜茶,"['喜茶', 'Y', 'H', '御喜茶餐厅', '喜茶商户', '御喜茶餐厅（根竹园店）', '桃喜茶餐厅', 'A', 'h', 'y', 'HE', '東喜茶', 'T', 'a', 'Y.', 't', 'H.', '喜茶卡券', 'A.', 'H。', '柚喜茶档深圳香蜜湖店', '深圳市大欢喜茶艺有限责任公司', 'T.', 'he', 'e', '歡喜茶飲', '喜', '四喜茶艺馆', '喜茶支付中心支付单', '嘉喜茶烟酒商行', 'Koko Tea(白泥坑店)', '聪茶CONG TEA（玉律店）', '优之味Furit tea', '可以Coffee Tea', 'TEA·PLANET茶心球', '深茶S TEA（光明蓝鲸店）', ""光柠•FRIEND'S TEA"", 'STARFUL TEA(光明店）', '深茶S-TEA（翻身店）', '弄茶 Make tea', 'Tower Tea 塔茶', 'LINLEE·柠檬茶LEMON TEA', 'MY TEA 卖茶（鹤洲店）', 'tea/tac  cafe', '深茶S·Tea(南山店)', '深茶S-TEA（沙井万科店）', '深茶S-TEA（布吉店）', '深茶S-TEA(民治店)', 'T T', '深茶S-TEA（五和店）', 'LAZY TEA◎懒茶', '聪茶CONG  TEA（石岩店）', '喜栖茶', '喜乐茶', 'Yo!tea']"
3,肯德基,"['肯德基', '肯德基宅急送', 'C', 'F', '德', 'k', '肯德基(深圳北站三店KFC)', 'K', 'c', 'KF', '肯德基(福源花园店)', '肯德基(新深圳北站高铁店)', '肯德基(尚都KFC)', '肯德基(新高路KFC)', '肯德基(坪山友谊餐厅)', '肯德基(移动餐车1餐厅)', '肯德基(深圳火车站餐厅)', '肯德基(中电餐厅)', '肯德基(岗厦北店)', '肯德基(海怡湾店)', '肯德基(民治餐厅)', '肯德基(COCOPARK餐厅)', '肯德基(金山餐厅)', '肯德基(机场T3到达餐厅)', '肯德基(特力大厦店)', '肯德基(观光路)', '肯德基(新莲塘KFC)', '肯德基(卓越城KFC)', '肯德基(皇御苑KFC)', '肯德基(同泰广场KFC)', '肯德基(茶文路KFC)', 'C.', '肯德基(创维KFC)', '肯德基(壹海城KFC)', 'F.', '肯德基(福永服务区KFC)', '肯德基(中粮创邑KFC)', '肯德基(福荣路餐厅)', '肯德基(福民路餐厅)', '肯德基(金水湾店)', '肯德基(观澜湖餐厅)', '肯德基(德弘天下店)', '肯德基(生态城餐厅)', '肯德基(富通城餐厅)', '肯德基(英荟城店)', '肯德基(花好园餐厅)', '肯德基(新华为店)', '肯德基(新大梅沙店)', '肯德基(油松餐厅)', '肯德基(梧桐春晓店)', '肯德基(创科中心店)', '肯德基(坑梓餐厅)', '肯德基(三联餐厅)', '肯德基(新州餐厅)', '肯德基丰盛町餐厅', '肯德基(松园餐厅)', '肯德基(大鹏餐厅)', '肯德基(机场T3出发餐厅)', '肯德基(深圳龙城餐厅)', '肯德基风味炸鸡小馋猫炸串', '肯德基(罗湖商业城餐厅)', '肯德基(国际名园店)', '肯德基(红荔西餐厅)', '肯德基(物流园店)', '肯德基(大学城荷园店)', '肯德基(新机场店)', '肯德基(固戍餐厅)', '肯德基(乐东店)', '肯德基(双拥餐厅)', '肯德基(海景大厦店)', '店niHukf']"
4,麦当劳,"['麦当劳', ""McDonald's Restaurants (Hong Kong) Limited"", '麦当劳(北站高铁餐厅)', '麦当劳(深圳宝安国际机场卫星厅餐厅)', '麦当劳(安检内麦当劳T3航站楼3C-04-08)', '麦当劳深圳京基百纳时光餐厅', '麦当劳(农林路山姆会员店分店餐厅)', '麦当劳(深圳宝龙分店)', '麦当劳深圳新一代产业园餐厅', '麦当劳(深圳北站二店餐厅)', '麦当劳(景田分店餐厅)', '麦当劳(南山分店餐厅)', '麦当劳(华旺路2餐厅)', '麦当劳(南山书城分店餐厅)', '麦当劳(中心路餐厅)', '麦当劳(光华分店餐厅)', '麦当劳(深圳麦当劳大冲分店)', '麦当劳(深圳莲塘地铁站餐厅)', '麦当劳(东海分店餐厅)', '麦当劳(宝安机场T3航站楼餐厅)', '麦当劳(深圳麦当劳泰然七路博今大厦餐厅)', '麦当劳(罗湖火车站2餐厅)', '麦当劳(龙华山姆餐厅)', '麦当劳(华强北分店餐厅)', '麦当劳(创业二路分店)', '麦当劳(深圳深业中城餐厅)', '麦当劳(深南西路分店餐厅)', '麦当劳(黄贝岭分店)', 'Al', '深圳麦当劳新沙路分店', '待麦当劳经理：张娇娇确认收款', '麦当劳(大族云峰餐厅)', '麦当劳(中康路分店)', '麦当劳(深圳梅林路分店)', '麦当劳(桃园路餐厅)', '麦当劳(科苑南路餐厅)', '麦当劳(深圳京基一百)', '麦当劳(春风分店餐厅)', '麦当劳(机场交通中心餐厅)', '麦当劳(东门分店餐厅)', '麦当劳(清湖地铁站餐厅)', '麦当劳(悦方广场)', '麦当劳(深圳北站东广场餐厅)', '麦当劳(喜荟城)', '麦当劳(深圳麦当劳腾龙路餐厅)', '麦当劳(深圳和成嘉业餐厅)', '麦当劳(金田分店餐厅)', '麦当劳(上川路盛荟)', '麦当劳(平湖丹平大道分店餐厅)', '麦当劳(龙吉分店餐厅)', '麦当劳(深圳茜坑地铁站餐厅)', '麦当劳(人民南路餐厅)', '麦当劳(深圳创智云城餐厅)', '麦当劳(前进路分店餐厅)', '麦当劳(光明大街地铁站新地中央餐厅)', '麦当劳(深圳留仙洞餐厅)', '麦当劳(白龙路分店餐厅)', '麦当劳(深圳麦当劳福华一路卓悦中心分店)', '麦当劳(恒大天璟)', '麦当劳(深圳益田地铁站分店)', '麦当劳(宝安易达分店餐厅)', '麦当劳(坪山分店餐厅)', '深圳麦当劳坑梓分店', '麦当劳(深圳德政路餐厅)', '麦当劳(深圳麦当劳上梅林餐厅)', '麦当劳(华南城得来速餐厅)', '麦当劳(罗田路餐厅)', '麦当劳(深圳银湖蓝山分店餐厅)', '麦当劳(金鹏路)', '麦当劳(龙岗岁宝分店餐厅)', '麦当劳(宇华街分店餐厅)', '麦当劳(南园路分店餐厅)', '麦当劳(海山路餐厅)', '麦当劳(滨河京基)', '深圳麦当劳新生村得来速餐厅', '麦当劳(新高路分店餐厅)', '麦当劳(佛山新城爱琴海购物公园分店)', '麦当劳(登良路南山来福士餐厅)', '麦当劳(前海分店餐厅)', '深圳麦当劳坪山分店', '麦当劳(新生村得来速餐厅)', '麦当劳(新闻路餐厅)', '麦当劳(深圳中心书城餐厅)', '麦当劳(深圳恒邦置地餐厅)', '麦当劳(坂雪岗分店餐厅)', '麦当劳(深圳福田侨香)', '麦当劳(深圳罗湖解放路分店)', '麦当劳(深圳光明文化艺术中心餐厅)', '麦当劳(沙河分店餐厅)', '麦当劳双层吉士小食三件套', '深圳麦当劳清林路分店', '麦当劳(田贝餐厅)', '麦当劳(深圳麦当劳深圳湾一店餐厅)', '麦当劳(深圳深圳湾科技生态园分店)', '麦当劳(长安分店餐厅)', '麦当劳(龙胜分店餐厅)', '麦当劳(文心六路分店餐厅)', '麦当劳(大梅沙分店餐厅)', ""YunExpress's Payment Center-Yun Express Payment"", 'Emily’s Cafe（半岛城邦店）', ""WATSON'S THE CHEMIST"", '妮的蛋糕NiNi S Cake', 'S.D', ""Maxim's Caterers Ltd-Fast Food"", ""MAXIM'S CAKE SHOP"", ""SHANGRI-LA'S TANJUNG ARU"", ""Ubisoft—1 x PC DIG-ASSASSIN'S CREED VALHALLA-PREMIUM STARTER PACK-WW"", '潮牌T s', 'SOCIEDADE DE TRANSPORTES COLECTIVOS DE MACAU, S.A.', 'P.S Siam Garden', 'MateStation S【投递到家】(2)', 'Y.S', 'V.P.S TECHNOLOGY COMPANY LIMITED', '小米（Mi） 红米（Redmi）10X 4G-中国稳定版-线刷包-V13.0.1.0.S ...', '小米（Mi） 红米（Redmi）10X 5G-中国稳定版-线刷包-V13.0.6.0.S ...', ""待郑'S 神驰气动135301...确认收款"", '华为智慧屏 S Pro 86吋 畅联通话版(1)', 'Donna']"
5,星巴克,"['星巴克', '星巴克啡快', '星巴克芝士奶香拿铁270毫升', '星巴克(深业中城店)', '星巴克(深圳北站一楼B5检票口旁门店)', '星', '星巴克黑醇摩卡味浓咖啡饮料228毫升', '星巴克(博今商务广场店)', '星巴克(深圳宝安南路分店)', '星巴克臻选(出发店安检内22号登机口)', '星巴克臻选(深圳国银租赁分店)', '星巴克(深圳新一代店)', '星巴克（上海）商业有限公司', '星巴克(深圳光明中粮云景店)', '星巴克(天安数码城店)', '星巴克(丹竹头店)', '星巴克臻选(万象天地店)', '星巴克(深圳北站二楼店)', '星巴克(深圳宝安滨海艺术中心)', '星巴克(深圳布吉天虹店)', '星巴克(中心书城店)', '星巴克(深圳宝能科技园11栋店)', '星巴克(深圳机场T3 GTC店)', '星巴克臻选(万象城店)', '星巴克(深业上城负1楼店)', '星巴克臻选(·酒坊深圳湾万象城店)', '星巴克(深圳长安花园店)', '星巴克(南山茂业店)', '星巴克(宝安海雅缤纷城负1楼店)', '星巴克(龙岗万达广场店)', '星巴克(深圳连城新天地分店)', '星巴克臻选(深圳万象天地二楼臻选店)', '星巴克(深圳粤海城分店)', '星巴克(龙华壹方天地山姆店)', '星巴克(天健大厦店)', '星巴克(信和春天店)', '星巴克臻选(深圳笋岗华润万象食家店)', '星巴克(深圳宝安福城万达广场分店)', '星巴克(龙岗天安数码城店)', '星巴克(嘉汇新城店)', '星巴克(深圳南头城莲花广场店)', '星巴克(水贝金展广场店)', '星巴克(深圳西丽益田假日里分店)', '星巴克(地王大厦店)', '星巴克(深圳松岗杉杉奥特莱斯店)', '星巴克(深圳大新港湾丽都店)', '星巴克(深圳云城万科里分店)', '星巴克臻选(星河苏活购物公园店)', '星巴克(深圳创智云城一期店)', '星巴克(深圳福永国际会展中心店)', '星巴克臻选(梅林卓悦汇店)', 'Star', '星巴克(御景东方店御景东方店)', '星巴克(深圳万象城三期4楼店)', '星巴克臻选(印力中心店)', '星巴克臻选(龙岗万科店)', '星巴克(深圳前海香缤大厦分店)', '星巴克(宝安益田假日天地店)', '星巴克(新沙天虹店)', '星巴克臻选(深圳卓悦中心店)', '星巴克臻选(布吉万象汇1楼店)', '星巴克(宝安机场航站楼国际出发店)', '星巴克臻选(益田假日广场店)', '星巴克(广深港高铁福田站店)', '星巴克(星河雅宝店)', '星巴克(深圳湾创新科技中心店)', '星巴克臻选(海岸城臻选店)', '星巴克芝士奶香拿铁1件', '星巴克(怡景中心城店会议室预定,茶歇活动)', '星巴克(深圳深科技城C座店)', '星巴克(深圳Halo广场店)', '星巴克(东海坊店)', '星巴克(深圳国贸天虹店)', '星巴克(锦荟广场店)', '星巴克(深圳蛇口邮轮中心店)', '星巴克(KK one店)', '星巴克(深圳金地威新中心店月饼礼盒两盒71折)', '星巴克(沙嘴绿景红树湾分店)', '星巴克(南山智园A5栋店)', '星巴克(深圳翠竹路店)', '星巴克(深圳石岩汇邦广场店)', '星巴克(深圳大冲喜悦里店)', '星巴克(后海君尚店)', '星巴克(横岗松柏天虹店)', '星巴克(8号仓店)', '星巴克臻选(龙华红山天虹购物中心店)', '星巴克(中粮创芯店)', '星巴克(保利文化广场店)', '星巴克(光明大仟里店)', '星巴克(龙华佐阾荟店)', '星巴克(壹方天地人民路店)', '星巴克臻选(来福士广场店)', '星巴克臻选(生态园臻选7栋店)', '星巴克臻选(民乐星河盛世店)', '星巴克(深圳深业东岭分店)', '星巴克(新城市广场分店)', '星巴克臻选(深业上城3楼店)', '星巴克臻选(卓越世纪店)', '星巴克经典浓郁咖啡228ml', '星巴克(深圳联投东方店)', '星巴克(深圳恒明珠大厦店)', '星巴克(盐田壹海城海山路店)', '星巴克(深圳高新区店)', '星巴克(方大广场店)', '星巴克(坂田天安云谷店)', '星巴克(南山书城店)', '星巴克臻选(深圳中洲湾店)', '星巴克(深圳沙井佳华领创广场店)', '星巴克(中核大厦)', '星巴克(益田村店)', '星巴克(留仙洞店)', '星巴克(宝安海雅缤纷城1楼店)', '星巴克(大仟里三楼店)', '星巴克咖啡（深圳）有限公司', '星巴克(深圳欢乐海岸购物中心店)', '星巴克(深圳水贝壹号分店)', '星巴克(深圳汇港购物中心店)', '星巴克臻选(深圳前海嘉里中心店)', '星巴克专星送', '星巴克(五洲星苑店)', '星巴克(龙华佐阾香颂店)', '星巴克(观澜湖会所店)', '星巴克(深圳水贝IBC大厦店)']"
6,太平洋咖啡,"['PACIFIC COFFEE', '平', 'IF', '洋', 'C+Coffee', 'Fi', 'IC＋', 'E3 coffee', 'Ls coffee', 'UM COFFEE', 'HI COFFEE', 'Cathay Pacific Products', '33 COFFEE', 'MR COFFEE', 'MC coffee', '太平洋咖啡GO', 'infica coffee', 'InficaCoffee', 'Easychic-coffee', 'PROZAC coffee', '咖啡店', '咖啡陆', 'Coffee休闲吧', '咖啡云', 'caycoffee', 'FITcoffee']"
7,必胜客,"['必胜客', 'PIZZAHUT', 'PizzaHut', 'pizzahut', '胜', '必胜客明珠总', 'Zz', '必胜客餐厅', '必胜客水榭春天门店', 'ZZ', 'Hu', '必胜客(新海雅缤纷城店)', 'zz', '必胜客(特发文创店)', '必胜客(仁恒梦中心店)', '必胜客(龙岗尖莎咀店)', '必胜客(宝安大仟里店)', '华强北艾豪丽西餐厅（I HOLIC PIZZA)', '一斧披萨·IF PIZZA（新安店）', '一斧披萨·IF PIZZA（水围店）', '一斧披萨Mix店IF Pizza', '豪美工坊Home Pizza（龙岗店）', 'I HOLIC PIZZA（艾豪丽披萨）', 'Artisans Pizza', 'Z-z', '一斧披萨·IF PIZZA（黄贝岭店）']"
8,哈根达斯,"['哈根达斯', 'DA', 'Ha', '哈', '根', 'AGEN', 'ZS', '达', 'Gene', 'ZCS', 'Zst']"
9,海底捞,"['海底捞', '海底捞火锅', '深圳市海底捞餐饮有限责任公司', '海底捞(深圳四十店)', '海底捞(深圳六十四店)', '海底捞(深圳九店)', '海底捞(深圳八店)', '海底捞(深圳一店)', '海底捞(深圳二十店)', '海底捞(深圳六十六店)', '海底捞(深圳三十一店)', '海底捞(深圳十八店)', '海底捞(深圳四店)', '海底捞(深圳十二店)', '海底捞(深圳三十二店)', '海底捞(深圳五店)', '海底捞(深圳六店)', '海底捞(深圳十三店)', '海底捞(深圳三十三店)', '海底捞(深圳五十七店)', '海底捞(深圳十五店)', '海底捞(深圳六十二店)', '海底捞(深圳三十九店)', '海底捞(深圳四十二店)', '海底捞(深圳二十三店)', '海底捞(深圳二十七店)', '海底捞(深圳二十五店)', '海底捞(深圳二十六店)', '海底捞(深圳十九店)', '海底捞(深圳十七店)', '海底捞(深圳三十店)', '海底捞(深圳二十一店)', '海底捞(深圳二十四店)', '海底捞(深圳三十八店)', '海底捞(深圳十四店)', '海底捞(深圳三店)', '海底捞(深圳三十六店)', '海底捞(深圳五十三店)', '海底捞(深圳五十一店)', '海底捞(深圳三十五店)', '海底捞(深圳二十八店)', '海底捞(深圳四十六店)', '海', '海底捞(深圳三十七店)', '海底捞火锅（沙井京基百纳店）', '海底捞火锅（益田假日里店）', '夜色海底捞', '海底捞火锅（石厦时代广场店）', '海底捞火锅（麟恒中心店）', '海底捞火锅（坪山益田假日广场店）', '海底捞火锅（志健时代广场店）', '海底捞火锅（同泰时代广场店）', '海底捞火锅（水贝IBC店）', '海底捞火锅（塘朗城店）', '海底捞火锅（马成广场店）', '海底捞火锅（壹方城店）', '海底捞火锅（石岩星城店）', '海底捞火锅（深圳卓越店）', '海底捞火锅（星河iCO店）', '海底捞火锅（天安云谷店）', '海底捞火锅（东门茂业店）', '海底捞火锅（金光华广场店）', '海底捞火锅（龙岗星河COCO Park店）', '海底捞火锅（光明大仟里店）', '海底捞火锅（京基KKONE购物中心店）', '海底捞火锅（太子广场店）', '海底捞火锅（观澜湖新城店）', '海底捞火锅（大中华店）', '海底捞火锅（华强北路店）', '海底捞火锅（松岗百佳华店）', '海底捞火锅（新沙天虹店）', '海底捞火锅（方大城店）', '海底捞火锅（宝能太古城All city店）', '海底捞火锅（南山茂业店）', '海底捞火锅（南山京基百纳店）', '海底捞火锅（佳华领汇店）', '海底捞火锅（龙岗万达广场店）', '海底捞(惠州八店)', '待陈仁（海底捞）确认收款', '海底捞火锅（壹方天地店）', '海底捞火锅（优城店）', '海底捞火锅（卓悦汇店）', '海底捞(东莞十店)', '海底捞火锅（8号仓店）', '海底捞火锅（天玑城店）', '海底捞火锅（海雅缤纷城店）', '海底捞火锅（时代城店）', '海底捞火锅（卓越店）', '海底捞火锅(宝能太古城All city店)']"
10,茶百道,"['茶百道', '百', '1214-茶百道深圳西丽大学城店', '1158-茶百道深圳华强北现代新店', '6728-茶百道深圳龙岗天玑城商业广场店', '6743-茶百道深圳宝安桃源居店', '0906-茶百道深圳观澜天虹店', '1130-茶百道深圳坂田地铁店', '1203-茶百道深圳双龙老街店', '1218-茶百道深圳西乡流塘店', '1150-茶百道深大桂庙新村店', '1192-茶百道深圳桥头地铁店', '1164-茶百道深圳兰园大厦店', '1219-茶百道深圳下沙店', '8179-茶百道深圳兴东店', '1191-茶百道深圳坪山老街店', '1142-茶百道深圳福永地铁店(新)', '1201-茶百道深圳石岩盛妆百货店', '待茶百道确认收款', '1151-茶百道深圳海岸城店', '1179-茶百道深圳梅华路店', '1161-茶百道深圳吉华路和西店', '1152-茶百道深圳横岗华润万家店', '1209-茶百道深圳天安数码城店', '1154-茶百道深圳洪浪北店', '5525-茶百道深圳红山6979店', '茶百道 东门中路店', '1198-茶百道深圳蛇口东角头店']"
11,COCO都可,"['CoCo都可', 'coco', '可', 'CoCo', 'COCO', 'CoCo都可(仁恒梦中心店)', '都', 'CoCo都可(深业东岭店)', 'CoCo都可(宝能太古城)', 'CoCo都可(366大街店)', 'CoCo都可(花园城店)', 'CoCo都可(学府)', 'CoCo都可(八达商城店)', '深圳市CoCo可可韩欧服装', '优雅益(APM Monaco深圳CoCo', 'COCOC可可西']"
12,一只酸奶牛,"['一只酸奶牛', '一', '一只酸奶牛（龙岗万科广场店）', '一只酸奶牛（深圳坪山天虹店）', '一只酸奶牛（东门太阳广场店）', '一只酸奶牛（南山益田假日广场店）', '奶牛', '一只酸奶牛（科兴科学园店）', '一只酸奶牛（宝安大仟里店）', '一只酸奶牛·饮品（龙岗万达店）', '.一', '一只酸奶牛（深圳坪山龙坪天虹店）']"
13,茶颜悦色,"['颜', '悦', '茶言悦色']"
14,本宫的茶,"['本宫的茶', '本']"
15,85°C,"['85CDAILYCAFE', '8', '5', '85度C(深圳新闻路店)', '85度C(深圳湾畔mall店)', '85度C(深圳深南东路店)', '85度C(深圳坪山益田二店)', '85度C(深圳盐田壹海城店)', '85度C(深圳民治优城店)', '85c55b1293fe)', '85c7bf40871f)', 'id:27B0-85CC-D54C', '85度C(深圳龙城万科里店)', '85度C(深圳富士康店)', '85度C(深圳中粮天光城店)', '85度C(深圳常兴店)', '85度C(深圳红山6979店)', '赵先森13699767785', '南顺通驾校李姐13528885', '韦记猪肉汤19085', '重庆烧烤13554878385', 'A舒耳堂13809249785', '丝芙兰深圳壹方城店6285', '停车缴费-车牌号:湘UH0885', '停车缴费-车牌号:粤BD36085', '王春发1985', '星币-14号-paopao666585', '把把智能支付-1701769226185', '京东-订单编号284781519185', '京东-订单编号284708420085', '京东-PLUS会员订单287937444385', '抖音电商-6923387613765244685', 'SO23122913585', '京东-订单编号284510203985', '京东-订单编号284276760185', 'SO23120817085', '￥68.85', '订单号TMH1702950041585', '唯品会订单-订单编号23122445668085', 'SO23122510785', '贸泽电子 - #30971085', '￥253.85', 'SZDX712085', '单位通知书号：440309108954985', '京东-订单编号286403649185', '京东-订单编号286703544685', 'SZDX538285', 'SZDX577785', 'SZDX759885', '￥22.85', '单位通知书号：440307240116985', '2023122210532231785', '商户李玲15530956185', '唯品会订单-订单编号23122463923185', '481441285', '叮咚买菜-2312174934242803485', 'SZDX7557185', 'SZDX081385', 'SZDX731185', '739785', '唯品会订单-订单编号23122679592985', '京东-订单编号284312986585', '叮咚买菜-2312072672860929985', '京东-订单编号286160445485', 'SO2312169585', 'ef9fdad89985)', 'SO2311088185', '京东-订单编号288045826185', 'SO23120819585', '提现免费额度 ¥2125.85', 'AKAK4UPGP18102308485', '京东-订单编号286209974785', '单位通知书号：441323191280685', 'SO2312087585', 'SO23121313885', '京东-订单编号284454777585', '京东-订单编号286628814785', '380385', '202312291351409633140185', '京东-订单编号286547130085', '京东-订单编号287684513385', '停车缴费-车牌号:桂J6A785', 'SO2312043185', 'SO2310161585', '京东-订单编号282734829885', '抖音电商-6925176362635171085', '京东-订单编号284230216285', '到付运费-81238264085', '京东-订单编号286141826185', '19166217962电信费用[50703585]', '单位通知书号：441942161170785', '客服电话: 020-22511485', '京东-订单编号284499731985', '叮咚买菜-2312130413710822085', '京东-订单编号284326601885', '订单：714053602385', '订单信息:2023120167825685', '20231221155711942985', '贸泽电子 - #30976885', '途虎养车订单付款633762385', '订单号1270633685', '￥18.85', 'SO23121217585', 'SZDX7557285', '停车缴费-车牌号:粤SKB985', '提现免费额度 ¥425.85', '020-22511485', '三丰云账户充值（用户ID:449485）', '923685', '张帆DSZ5185', '京东-订单编号286793436385', '17016816914785', '京东-订单编号287708265285']"
16,德克士,"['德克士', 'S', 'D', 'COS', 'i', '德克士(深圳北站A区店)', '(⊙o⊙)…', '德克士 - 南山书城', 'Acne Studios', '维学苑Victoria Sutdios', 'OSA', 'DIMOSS 迪墨诗华南城店', '袋鼠BANDICOOT', '天虹Discovery', 'IDcoosic餐吧', '三星 PRO Plus microSD 卡 256GB,D...', 'ICONSIAM (SOOK SIAM)-WC']"
17,汉堡王,"['汉堡王', 'king', '汉堡王（中国）投资有限公司', '王', 'ing', '汉堡王(深圳TCL大厦店)', '汉堡王(机场T3)', 'King', 'RG', '汉堡王(上塘中海锦城)', '汉堡王(南山生态科技园)', '汉堡王(机场GTC分店)', '汉堡王(坂田长龙mall)', '汉堡王(香林路分店/东海店)', '汉堡王(深圳爱龙路店)', '汉堡王(华强北分店)', '汉堡王(缤果空间)', '汉堡王(龙岗宝能分店)', '汉', '汉堡王(深圳欢乐海岸店)', '汉堡王(宝安大道)', '汉堡王(深圳乐荟中心店)', '汉堡王(深圳金鹏酒店餐厅)', '深圳市汉堡王', '汉堡', '汉堡王(深圳星河荣御店)', 'King W', 'Baia Burger Concept', 'KING POWER CORPORATION - RNM', '炊大皇（COOKER KING）精铸铁锅炒锅无涂层不粘锅炒米饭炒', '炊大皇（COOKER KING）三层蒸锅复底加厚不锈钢蒸汽锅 分格带蒸片炖汤锅多功能汤蒸锅（28...', 'KING POWER DF-SVB', '塔斯汀中国汉堡', '深圳新起点奶茶炸鸡汉堡', '奥克派炸鸡汉堡', '哈帝斯汉堡', '个体鸡蛋汉堡', '堡马先生中国汉堡', '陆丰鲜虾鸡蛋汉堡', 'Burger车轮汉堡', '麦乐士炸鸡汉堡', '杰西五炸鸡汉堡', '牛约堡-手作牛肉汉堡', '美德肯炸鸡汉堡', '韩式炸鸡汉堡', '品亿口汉堡', '思塔克汉堡', '波客派炸鸡汉堡', '巨堡皇国潮汉堡', '美斯顿炸鸡汉堡', '多滋仕炸鸡汉堡', '吉隆堡炸鸡汉堡', '多滋仕汉堡', 'TASTI塔思蒂汉堡', 'OPTIMIST咖啡汉堡', '阿Ben美式汉堡', '尊堡炸鸡汉堡', '爽洋洋炸鸡汉堡', '铁板牛肉汉堡', 'Z-ing', '吃个鸡肉汉堡', '椰好味海南清补凉炸鸡汉堡', '深圳市鸡蛋汉堡', '奥丁顿汉堡', '来吃一口大汉堡', '塔思蒂汉堡', '麦尔特奶茶炸鸡汉堡', '零零柒國潮汉堡', '椿喜街头汉堡']"
18,吉野家,"['广东吉野家', '深圳吉野家快餐有限公司', '吉野家(南山保利店)', '吉', '吉家']"
19,真功夫,"['真功夫', '真功夫-JCN755008北大医院店', '真功夫-JCN755006坪山平乐店', '真功夫(JCN755010 深圳龙华锦绣店)', '真功夫-深圳国际会展中心点', '真功夫-JCN755011深圳平湖融湖中心城店', '真功夫-松岗御景城店', '真功夫-深圳会展中心店', '真功夫（光明田园店）', '真功夫（JCN755012联合金融大厦店）', '真功夫（JCN755014深圳观澜佳纷店）', '真', '真功夫米粉世家', '真功夫-JCN755007龙岗宝泰店', '真功夫（JCN755013深圳大梅沙店）', '真功夫(深圳北站三店)', '真功夫(深圳会展中心店)', '真功夫(上河坊店)', '真功夫(西丽店)', '真功夫(民田二店)', '真功夫(香轩路店)', '真功夫（JCN755015深圳龙岗儿童公园店）', '@真', '深圳真功夫健康管理有限公司', '真功夫(福华店)', '真功夫(布吉金鹏店)', '真功夫(平湖龙洲店)', '真功夫包子铺', '真功夫(大浪店)', '真功夫(福永为盛店)', '真功夫（观澜佳纷店）', '真功夫(福民店)', '真功夫(深圳国际会展中心店)', '真功夫(平湖双拥店)', '真功夫(深圳北大医院店)', '真功夫(仁山智水店)', '真功夫(香缤店)']"
20,乐乐茶,"['L', '乐', 'l', '乐乐', '乐茶', 'Chai', 'hai', 'hua', '普通食堂(深圳普乐乐)', 'Andy乐乐', 'HSA', 'HUA', 'Hua']"
21,萨莉亚意式餐厅,"['餐厅', '莉', 'Ai', '意', 'Yan', 'yan', 'Rvkiya', '🌟🌹yan👍✨']"
22,奈雪的茶,"['奈雪的茶', '奈雪茶院', '雪', '奈雪的茶(华强北中航城PRO店)', '奈雪的茶(深圳机场到达厅店)', '奈雪的茶(深圳新沙天虹店)', '奈雪茶院深圳海雅缤纷城店', '茶', '奈雪的茶(深圳西丽益田假日里店)', '奈雪的茶(东门太阳百货店)', '奈雪的茶(八号仓店)', '奈雪的茶(华侨城店)', '奈雪的茶(深圳中心书城PRO店)', '奈雪的茶(盐田广富百货PRO店)', '奈雪的茶(深圳石岩岁宝PRO店)', '奈雪的茶(皇庭广场店)', '奈雪的茶青提乌龙低糖果汁茶500ml', '奈雪的茶(科技生态园店)', '奈雪的茶(深圳布吉东大街佳纷天地店)', '奈雪的茶(汇一城店)', '奈雪的茶(深圳安托山万科里店)', '奈雪的茶(东海店)', '奈雪的茶(海上世界店)', '奈雪的茶(深圳前海印里店)', '奈雪的茶(坂田湾畔mall店)', '奈雪的茶(龙华天虹购物中心)', '奈雪的茶(深圳龙岗五和伍城市广场店)', '奈雪的茶(新城市广场店)', '奈雪的茶(宝安万达店)', '奈雪的茶(梨园路店)', '奈雪的茶(西丽万科云城店)', '奈雪的茶(深圳梅林卓悦汇PRO店)', '奈雪的茶(南山金地科技园PRO店)', '奈雪的茶(后海君尚店)', '奈雪的茶(龙华大浪商业中心PRO店)', '奈雪的茶(深圳北站缤果空间PRO店)', '奈雪的茶(深圳华润光明长圳店)', '奈雪的茶(深圳石岩新城PRO店)', '奈雪的茶(大梅沙店)', '弥雪的茶', '奈雪の茶']"
24,费大厨,['大']
25,外婆家,"['重庆外婆家面馆', '外婆家土钵菜', '惠州市惠阳区淡水乡里外婆家饭店', '外婆家(深圳壹方城店)', '外婆家私房菜馆', '外婆家（壹方城店）', '外婆家宴']"
26,付小姐在成都,"['成', '付', '小', '在']"
27,五味缘钢管厂小郡肝串串香,"['串串香', '小郡肝串串香', '串串', '小郡肝砂锅串串香', '钢管厂五区小郡肝火锅串串香']"
28,新石器烤肉,['新']
29,木屋烧烤,"['木屋烧烤', '深圳木屋烧烤', '烧烤', '李家木屋烧烤坪山东步店', '李家木屋烧烤(东吴店)', '老木屋烧烤深圳塘尾店', '木屋烧烤燕南店', '木屋烧烤振华店', '木屋烧烤龙岗南联店', '李家木屋烧烤深圳莲塘店', '李家木屋烧烤店', '木屋烧烤盐田广富店', '木屋烧烤八卦岭店', '木屋烧烤南山深大店', '木屋烧烤民治店', '木屋烧烤西乡宝立方店', '木屋烧烤上梅林店', '李家木屋烧烤深圳金地朗悦店', '木屋烧烤南山科技园店', '木屋烧烤大浪店', '深圳市龙华区观澜李家木屋烧烤店', '深圳市宝安区沙井镇木屋烧烤', '木屋烧烤龙华红山6979店', '李家木屋烧烤汇海店', '木屋烧烤龙岗星河COCOpark店', '木屋烧烤南山科技园二店', '郝木屋烧烤东园店', '木屋烧烤龙华店', '木屋烧烤福田车公庙店', '木屋烧烤南山方大城店', '李家木屋烧烤店福永桥头店', '木屋烧烤观澜天虹店', '木屋烧烤新洲店', '木屋烧烤(观澜湖新城MH店)', '木屋烧烤龙岗五和店', '木屋烧烤大运店', '木屋烧烤宝安灵芝店', '木屋烧烤南山海上世界店', '木屋烧烤(龙岗中心城)', '木屋烧烤大芬店', '木屋烧烤光明宏汇阁店', '木屋烧烤(罗湖国贸店)', '木屋烧烤龙岗坂田云谷二店', '木屋烧烤龙岗龙城万科里店', '木屋烧烤(南山西丽一店)', '木屋烧烤布吉店', '木屋烧烤南山华侨城创意园店', '木屋烧烤福田南园路店', '木屋烧烤(深圳-沙井百佳华店)', '木屋烧烤(福田皇庭广场店)', '木屋烧烤大润发店', '李家木屋烧烤坑梓店', '木屋烧烤(新洲店)', '木屋烧烤宝安大仟里店', '木屋烧烤(龙华红山6979店)', '木屋烧烤南山欢乐海岸店', '木屋烧烤民乐店', '木屋烧烤(东角头店)', '木屋烧烤中心城店', '木屋烧烤(坂田佳华广场店)', '木屋烧烤(振华店)', '木屋烧烤创业店', '木屋烧烤光明大仟里店', '木屋烧烤宝安壹方城店', '木屋烧烤南山万科云城店', '木屋烧烤(福田南园路店)', '木屋烧烤龙华宝华路店', '木屋烧烤(宝安流塘店)', '木屋烧烤(龙岗坂田云谷二店)', '木屋烧烤(南山万科云城店)', '木屋烧烤(盐田广福店)', '木屋烧烤(南山华侨城创意园店)', '木屋烧烤(深圳-南山366大街店)', '木屋烧烤(南山海上世界店)', '木屋烧烤(观澜天虹店)', '木屋烧烤宝安翻身路店', '木屋烧烤罗湖国贸店', '木屋烧烤宝安松岗店', '待谢小冰   木屋烧烤确认收款', '木屋烧烤(南山南园店)', '木屋烧烤福田皇岗村店', '木屋烧烤(宝安翻身路店)', '木屋烧烤(宝安壹方城店)', '木屋烧烤(宝安石岩店)', '木屋烧烤(光明大仟里店)', '木屋烧烤五和店', '木屋烧烤民丰店', '木屋烧烤龙岗横岗中心店', '木屋烧烤龙岗坂田云谷店', '木屋烧烤南新店', '郝木屋烧烤', '木屋墅烧烤', '田木屋烧烤', '椰里椰气原生态椰子鸡·果木烧烤', '和美果木烧烤', '新疆阿里木烧烤', '木炭烧烤', '木屋烤吧', '蚝屋烧烤', '木屋烧吧', '李屋烧烤', '美木烧烤', '石屋烧烤', '木兰烧烤', '原木烧烤', '圆屋烧烤', '牛屋烧烤', '🍻🍺木炭烧烤🥂🍻🍺', '木碳烧烤', '逅木烧烤（水围店）']"
30,点都德,"['深圳市点都德饮食有限公司', '广东点都德餐饮管理有限公司', '广州市点都德饼铺贸易有限公司', '点都德(kk one 店)', '点都德(观澜湖店)', '点都德(水贝店)', '点都德(大中华店)', '点都德(龙华店)', '点都德(卓悦汇店)']"
31,西贝莜面村,"['西贝莜面村', '西贝莜面村（深圳马成时代广场店）', '西贝莜面村（深圳梅林卓悦店）', '西贝莜面村（深圳西乡天虹广场店）', '西贝莜面村（卓悦汇店）', '西贝莜面村（万科广场店）', '西贝莜面村（中航君尚店）', '西贝莜面村（领展中心城店）', '西贝莜面村（深圳益田假日广场店）', '西贝莜面村（布吉万象汇店）', '村', '西贝莜面村欢乐海岸店', '西贝莜面村（石厦时代广场店）', '西贝莜面村（光明大仟里店）', '西贝莜面村(华强北九方店)', '西贝莜面村（宝安海雅缤纷城店）', '西贝莜面村（深圳龙华壹方天地店）', '西', '西贝莜面村（喜荟城店）', '西贝莜面村（深圳喜荟城店）', '西贝莜面村（深圳汇港店）', '西贝莜面村（欢乐海岸店）', '西贝莜面村(深圳布吉万象汇店)', '西贝莜面村（欢乐颂店）', '西贝莜面村（深圳八卦岭店）', '西贝莜面村（印力中心店）', '西贝莜面村(八卦岭店)']"
32,如在蜀毛肚老火锅,"['如在蜀毛肚老火锅', '如', '火', '🔥火', '火锅杯', '火锅城', '火锅店']"
33,望湘园,"['园', '望']"
34,金戈戈香港豉油鸡,"['金戈戈香港豉油鸡', '金戈戈', '香', '金戈戈香港豉油鸡（亮金金益田店）', '港', '金戈戈香港豉油鸡（华强北天虹商场店）', '金', '香港', '金戈戈香港鼓油鸡深圳皇御苑店']"
35,四季椰林椰子鸡,"['林', '椰子鸡', '四季椰林', '四季', '四季椰场椰子鸡', '四季椰皇椰子鸡', '四季椰皇椰子鸡（南岭店）', '润园四季椰子鸡（安托山店）', '润园四季椰子鸡（光明玖龙台店）', '润园四季椰子鸡（南山海岸城店）', '润园四季椰子鸡（南山京基百纳店）', '乔木四季椰子鸡', '润园四季椰子鸡（卓越前海壹号店）', '润园四季椰子鸡（宝安宝华店）', '润满四季椰子鸡（大浪店）', '润满四季椰子鸡（民治店）', '同仁四季椰子鸡（万象前海店）', '润林四季椰子鸡（横岗荣德国际店）', '纷享四季椰子鸡', '四季合味椰子鸡', '原味四季椰子鸡', '丰园四季椰子鸡', '椰林季节椰子鸡', '润满四季椰子鸡（塘朗旗舰店）', '芬芳四季椰子鸡', '凤凰四季椰子鸡']"
36,胡桃里音乐酒馆,"['胡', '桃', '深圳市石岩胡桃里音乐酒馆有限公司', '深圳市龙华新区民治胡桃里音乐酒馆', '音', '里', '广场里音乐酒馆']"
37,云海肴汽锅鸡,"['云', '云海肴']"
38,汉拿山,"['汉拿山名家烤肉', '汉拿山韩式烤肉', '山']"
39,小龙坎老火锅,"['小龙坎火锅', '小龙', '龙', '小龙坎', '小龙坎老火锅深圳沙井店', '小龙坎老火锅（菁华园店）', '小龙坎老火锅（保利店）', '小龙坎老火锅（宝能店）', '小龙坎老火锅（招商花园店）', '小龙坎老火锅（民治店）', '深圳市盐田区小龙坎老火锅餐厅', '小龙坎老火锅（华南城店）', '小龙坎老火锅（沙井店）', '小龙坎老火锅（南山店）', '小龙坎火锅（光明万达店）', '小龙坎火锅（大浪商业中心店）', '小龙坎火锅（宝安店）', '小龙坎火锅（壹方天地店）', '小龙坎火锅（宝安万达店）', '小龙坎火锅（东园店）', '小龙坎火锅（壹海城店）', '小龙崁老火锅（公明店）', '小龙坎火锅（西丽店）', '小龙坎火锅（福城天虹店）', '小龙坎火锅（白石洲店）', '小龙坎火锅（福海店）', '小龙坎火锅（美您公园店）', '小龙坎火锅（罗湖店）', '深圳市小龙坎火锅保利店', '深圳龙岗小龙坎火锅万科广场店', '小龙坎火锅（福永店）', '小龙坎火锅（平湖万达店）', '小龙坎火锅（红山6979店）', '深圳市宝安区小龙坎火锅宝中店', '小龙坎火锅（布吉店）', '小龙坎火锅（龙岗南联摩尔城店）', '小龙坎火锅(深圳摩尔城店)', '小龙坎火锅（海王银河店）', '深圳市龙华区福城街道新万悦小龙坎火锅店', '小龙坎火锅(惠阳印象汇店)', '小龙坎火锅横岗店', '小龙坎火锅南山店']"
40,捞王锅物料理,"['捞王锅物料理', '锅物料理', '理', '捞王锅物料理(深圳平安金融中心店)', '禄满捞·锅物料理']"
41,谭鸭血,"['谭鸭血', '谭鸭血老火锅（大冲店）', '谭鸭血大运店', '谭', '谭鸭血老火锅(水围店)', '谭鸭血老火锅（竹坑店）', '谭鸭血老火锅(西乡大益广场店)', '谭鸭血龙岗中心城店', '谭鸭血火锅店西丽店', '谭鸭血深圳龙岗五和店', '谭鸭血深圳南联店', '谭鸭血老火锅（创意港店）', '谭鸭血老火锅（石岩店）', '谭鸭血老火锅（南山宝能城店）', '深圳市罗湖区福安谭鸭血火锅店', '谭鸭血老火锅', '谭鸭血凤凰路店', '谭鸭血老火锅石岩店', '谭鸭血深圳龙岗坂田店']"
42,湊湊火锅,"['湊湊火锅茶憩', '湊湊', 'u', 'U ...', '湊湊火锅·茶憩(深圳天河城店)', '湊湊火锅·茶憩(深圳印力中心)', '湊湊火锅·茶憩(深圳中航城)', '湊湊火锅·茶憩(深圳京基滨河时代店)', 'Coucou布谷', 'OuOu', '雪君服饰商行CoCo', 'Selfportrait深圳福田Coco']"
43,巴奴毛肚火锅,"['巴奴毛肚火锅', '深圳巴奴毛肚火锅有限公司', '巴奴毛肚火锅（南山万象天地店）']"
44,靓靓蒸虾,"['靓靓蒸虾', '靓靓蒸虾（南山店）', '靓靓', '靓']"
45,四季民福烤鸭店,"['店', '福', '烤鸭', '烤鸭店']"
46,全聚德,"['全', '聚']"
47,Tomacado花厨,['Ma']
48,徐记海鲜,"['徐记海鲜', '海鲜', '徐', '鲜', '广东徐记海鲜餐饮有限公司新世界中心分公司', '广东徐记海鲜餐饮有限公司绿景纪元分公司', '广东徐记海鲜餐饮有限公司京基一百分公司', '广东徐记海鲜餐饮有限公司中航城天虹分公司', '广东徐记海鲜餐饮有限公司粤海分公司', '广东徐记海鲜餐饮有限公司华侨城分公司', '广东徐记海鲜餐饮有限公司永新汇分公司', '徐记海鲜·黑金（侨城一号店）', '豪记海鲜', '欣记海鲜', '贞记海鲜', '何记海鲜', '林记海鲜', '波记海鲜', '黄记海鲜', '陈记海鲜', '伟记海鲜', '刘记海鲜', '强记海鲜', '吴记海鲜', '朝记海鲜', '坤记海鲜', '廉记海鲜', '松记海鲜', '沈记海鲜', '卓记海鲜', '袁记海鲜', '蔡记海鲜', '辉记海鲜', '郑记海鲜', '耀记海鲜', '罗记海鲜']"
49,79号渔船,"['79号渔船岗厦店', '79号渔船龙岗店', '79号渔船天利店', '79号渔船笋岗店', '79号渔船坂田店', '79号渔船西丽店', '79号渔船科技园店', '79号渔船宝安店', '79号渔船水贝店', '79号渔船光明店', '79号渔船宝丰店', '79号渔船龙华店', '79号渔船蛇口店', '79号渔船中电店', '79号渔船大冲店', '9', '7.', '79号渔船华强北店', '7', '号', '79号渔船罗湖宝丰店', '渔']"
50,M Stand,"['M Stand', '3394华南广东省深圳市罗湖区IBC M', '·M·馆', 'MQ COFFEE STAND', 'M-Zuoei佐研深圳华南城店', 'M.ONE PARTY KTV(皇庭店）', 'OUTRAM PARK F K T M', 'M  Q', 'M&G晨光文具(马坜店)', 'y m.hnvcwxw', 'UKVI—Standard visit visa', 'MasTaNa']"
51,费大厨辣椒炒肉,"['辣椒', '邓大厨辣椒炒肉', '张厨辣椒炒肉']"
52,很久以前羊肉串,"['羊肉', '羊肉串', '很久以前', '久']"
53,蜜雪冰城,"['蜜雪冰城', '深圳蜜雪冰城上屋地铁站店', '城', '蜜雪冰城牛湖店', '深圳市蜜雪冰城清水河店', '深圳石岩新村蜜雪冰城', '蜜雪冰城笋岗店', '蜜雪冰城民乐店', '蜜雪冰城丹竹头店', '深圳市蜜雪冰城富业店', '蜜雪冰城饮品店', '蜜雪冰城深职院店', '蜜雪冰城932849店', '蜜雪冰城900429改店', '蜜雪冰城906784店', '蜜雪冰城913968店', '蜜雪冰城919917店', '蜜雪冰城904008店', '蜜雪冰城深圳固戍店', '蜜雪冰城916263改店', '蜜雪冰城919839店', '蜜雪冰城925941店', '蜜雪冰城922457店', '蜜雪冰城907188店', '蜜雪冰城932110店', '蜜雪冰城932099店', '蜜雪冰城917704店', '蜜雪冰城925865店', '蜜雪冰城万科大厦店', '蜜雪冰城931822店', '蜜雪冰城926349店', '蜜雪冰城900134店', '蜜雪冰城925195店', '蜜雪冰城904095改店', '蜜雪冰城930995店', '蜜雪冰城932545店', '蜜雪冰城916377改店', '蜜雪冰城916119店', '蜜雪冰城深圳南园店', '蜜雪冰城931308店', '蜜雪冰城930577店6', '蜜雪冰城932634店', '蜜雪冰城919376店', '蜜雪冰城935015店', '蜜雪冰城920647店', '蜜雪冰城905057改店', '蜜雪冰城918273店', '蜜雪冰城909551店', '蜜雪冰城913102店', '蜜雪冰城915709店', '蜜雪冰城935194店', '蜜雪冰城933157店', '蜜雪冰城931797改店', '蜜雪冰城916629店', '蜜雪冰城916519店', '蜜雪冰城931109店', '蜜雪冰城910063改店', '蜜雪冰城931906店', '蜜雪冰城919687店', '蜜雪冰城（三联路）', '蜜雪冰城905988店', '蜜雪冰城916167店6', '蜜雪冰城908539店', '蜜雪冰城908253店1', '蜜雪冰城909910店', '蜜雪冰城931309店', '蜜雪冰城910812店', '蜜雪冰城906238店', '蜜雪冰城910708店', '蜜雪冰城915220店1', '蜜雪冰城910239店', '蜜雪冰城916294店', '蜜雪冰城931783店', '深圳市龙岗区布吉街道蜜雪冰城冰淇淋与茶店', '蜜雪冰城925937店', '蜜雪冰城908764店', '蜜雪冰城926435店', '蜜雪冰城933495店', '蜜雪冰城919006店', '蜜雪冰城933088店', '蜜雪冰城931169店', '蜜雪冰城912107店', '蜜雪冰城深圳大浪商业中心一店', '蜜雪冰城932579店', '蜜雪冰城907925店', '蜜雪冰城918674店', '蜜雪冰城906304店', '蜜雪冰城931431店', '蜜雪冰城927175店', '蜜雪冰城933520店', '蜜雪冰城917475店', '蜜雪冰城908519店', '蜜雪冰城904847店', '蜜雪冰城920074店', '蜜雪冰城905719店', '蜜雪冰城924883店', '蜜雪冰城926351店', '蜜雪冰城921864店', '蜜雪冰城920066店', '蜜雪冰城905243店', '蜜雪冰城918377店', '蜜雪冰城913826店', '蜜雪冰城912720店', '蜜雪冰城900414店', '蜜雪冰城900541店6', '蜜雪冰城907640店', '蜜雪冰城917111店', '蜜雪冰城906239店', '蜜雪冰城917968店', '蜜雪冰城901955店', '蜜雪冰城931819店', '蜜雪冰城917372店', '蜜雪冰城908245店', '蜜雪冰城922328店', '蜜雪冰城922087店', '蜜雪冰城910278店', '蜜雪冰城923098店', '蜜雪冰城920080店', '蜜雪冰城918127店', '蜜雪冰城924700店', '蜜雪冰城931773店', '蜜雪冰城915738店', '蜜雪冰城923445店', '蜜雪冰城924983店', '蜜雪冰城929815店', '蜜雪冰城906917店', '蜜雪冰城900234店', '蜜雪冰城917777店', '蜜雪冰城926868店5', '蜜雪冰城925816店', '蜜雪冰城920824店', '蜜雪冰城925983店', '蜜雪冰城906878店', '蜜雪冰城900377店', '蜜雪冰城莲峰路', '蜜雪冰城934355店', '蜜雪冰城915808改店', '蜜雪冰城910651店', '蜜雪冰城917640店', '蜜雪冰城912969店', '蜜雪冰城921837店', '蜜雪冰城924891店', '蜜雪冰城916463店', '蜜雪冰城920235店', '蜜雪冰城921023店', '蜜雪冰城917413店', '蜜雪冰城927181店', '蜜雪冰城932847店', '蜜雪冰城925484店', '蜜雪冰城917159店', '蜜雪冰城931509店', '蜜雪冰城924618店', '蜜雪冰城929568店', '蜜雪冰城918217店', '蜜雪冰城931457店', '蜜雪冰城916412店', '蜜雪冰城933295店', '蜜雪冰城924857店', '蜜雪冰城908647店', '蜜雪冰城904733店', '蜜雪冰城906829店', '蜜雪冰城913706店', '蜜雪冰城914249店']"
54,华莱士,"['华莱士', '华莱士广东', '华', '粤享华莱士', '华莱士炸鸡汉堡', '深圳市华莱士', '华莱士深圳光明塘家店', '华莱士☞2022', '华莱士深圳店', '华莱士深圳朗下店', '华莱士大新店', '东莞市塘厦镇华莱士快餐', '待木秀于林（华莱士）确认收款', '华莱士深圳清湖店', '潮汕华莱士', '华莱士（坂田广联店）']"
55,书亦烧仙草,"['书亦烧仙草', '书亦烧仙草C', '书亦', '书亦烧仙草坂田店', '书亦烧仙草西广场店', '书亦烧仙草深圳雷圳百佳店', '深圳市书亦烧仙草', '书亦烧仙草连锁（深圳连城新天地二期店）', '书亦烧仙草南山店', '书亦烧仙草连锁76718874店', '书亦烧仙草连锁76818842店', '书亦烧仙草连锁（深圳福田下沙店）', '书亦烧仙草连锁76804962店', '书亦烧仙草连锁77114583店', '书亦烧仙草连锁（深圳儿童公园店）', '书亦烧仙草连锁76665964店', '书亦烧仙草连锁77133186店', '书亦烧仙草连锁77129707店', '书亦烧仙草连锁（龙岗宏宇健康花城店）', '书亦烧仙草连锁76818812店', '书烧仙草', '亦可烧仙草', '品亦烧仙草', '仙草堂']"
56,马路边边,"['马路边边串串香（西丽店）', '深圳市光明区马路边边麻辣烫馆', '马路边边无骨凤爪白石洲店', '深圳市福田区福田街道马路边边小食小吃店', '路', '马路边边串串香（如皋店）']"
57,快乐柠檬,"['快乐柠檬', '快乐']"
58,黄记煌三汁焖锅,"['黄', '黄记', '黄记煌', '黄记煌三汁焖锅（创维创新谷店）', '焖一锅']"
59,夸父炸串,"['夸父炸串', '夸父炸串公司', '炸串', '夸父炸串（福永益田假日店）', '夸父炸串（佳华领域广场店）', '夸父炸串（坪山天虹店）', '夸父炸串（万科云城店）', '夸父炸串（大冲店）', '夸父炸串（雅宝星河店）', '夸父炸串（潜龙花园店）', '夸父炸串（星河盛世店）', '夸父炸串（水贝环球商务店）', '夸父炸串（大千里购物中心店）', '夸父炸串（红树林购物中心店）', '夸父炸串（玖龙荟店）', '深圳市夸父炸串店']"
60,悸动烧仙草,"['悸动烧仙草', '悸动']"
61,煌上煌,"['煌上煌', '煌上煌酱鸭', '煌上煌深圳宝龙一路店', '煌上煌匠鸭', '深圳煌上煌西田专卖店', '煌上煌酱鸭深圳', '煌上煌深圳福田店', '深圳市煌上煌酱鸭', '煌上煌流塘专卖店', '煌上煌(东海大道店)', '深圳煌上煌酱鸭', '煌上煌匠鸭深圳和一店', '煌上煌酱鸭西乡步行街南门店', '煌上煌深圳光明大街店', '煌上煌酱鸭宝荷店', '煌上煌匠鸭深圳公明塘尾店', '煌上煌匠鸭深圳万丰店', '煌上煌酱鸭深圳盐田店', '煌上煌酱鸭和平店', '煌上煌深圳南新华园店', '深圳煌上煌', '煌上煌卓越汇店', '煌上煌酱鸭香蜜湖沃尔玛店', '煌上煌酱鸭深圳店', '煌上煌酱鸭深圳沙井天虹店', '煌上煌南山粤海路店', '深圳市煌上煌', '煌上煌龙园山庄店', '深圳市煌上煌惠佰家店', '煌上煌宝安大仟里店', '煌上煌深圳三联店', '深圳煌上煌荔芳专卖店', '煌上煌高坳店', '煌上煌坪洲地铁口店', '煌上煌酱鸭桃园路', '煌上煌酱鸭深圳石岩料坑店', '煌上煌东门店', '煌上煌酱鸭深圳慢城店', '煌上煌酱鸭农林路店', '煌上煌酱鸭草埔店', '煌上煌章阁店', '煌上煌酱鸭深圳东晓路店', '深圳市煌上煌酱鸭南海百货店', '煌上煌酱鸭解放路店', '煌上煌深圳观澜店', '煌上煌酱鸭翻身路分店', '深圳市宝安区煌上煌新天地店', '煌上煌深圳黄田店', '煌上煌深圳市白花路店', '深圳市煌上煌清湖店', '煌上煌向西分店', '煌上煌（尚峰花园店）', '煌上煌光明大仟里店', '煌上煌前海店', '煌上煌酱鸭新世界百货店', '深圳市煌上煌楼村店', '煌上煌渔民村店', '深圳市煌上煌松岗店', '煌上煌石岩星城店', '煌上煌田寮店', '煌上煌深圳布吉万科红店', '煌上煌酱鸭石岩东海百货店', '煌上煌乐兴购物广场店', '煌上煌宝安新桥万科星城专卖店', '煌上煌龙岗平湖兴兴富田专卖店', '煌上煌深圳巴登店', '煌上煌深圳上星店', '煌上煌盐田专卖店', '煌上煌酱鸭深圳荔枝花园店', '深圳市光明区煌上煌大围专卖店', '煌上煌匠鸭深圳文新路店', '煌上煌满京华店', '煌上煌酱鸭深圳新秀村店', '煌上煌酱鸭红岭店', '煌上煌酱鸭光雅店', '煌上煌酱鸭深圳沙井店', '煌上煌酱鸭深圳大芬店', '煌上煌深圳福永兴围店', '煌上煌酱鸭深圳恒生店', '煌上煌龙岗龙城阳光广场专卖店', '煌上煌深圳清泉路专卖店', '煌上煌金沙摩尔店', '深圳市龙岗区煌上煌平湖店', '煌上煌深圳松岗沃尔玛店', '煌上煌酱鸭华为店', '煌上煌酱鸭福星路店', '煌上煌兴东众万加店', '煌上煌酱鸭钟岗店', '煌上煌福田区农林', '煌上煌海航城店', '煌上煌深圳塘家店', '煌上煌酱鸭水围分店', '煌上煌深圳龙华店', '煌上煌酱鸭深圳康乐店', '煌上煌康桥店', '煌上煌酱鸭福永店', '深圳市煌上煌三围店', '煌上煌深圳松岗店', '煌上煌（梧岗路锦泰百货店）', '煌上煌深圳水斗店', '煌上煌华信广场店', '煌上煌深圳粤海店', '煌上煌龙岗中心金地龙城专卖店', '煌上煌酱鸭东海百货店', '煌上煌深圳坂田店', '煌上煌酱鸭-福城天虹店', '沙坣煌上煌', '煌上煌酱鸭泛海店', '煌上煌宝安石岩罗租专卖店', '煌上煌小吃', '广东煌上煌食品有限公司']"
62,吉祥馄饨,"['吉祥馄饨', '吉祥馄饨(深圳北站店)', '吉祥', '吉祥馄饨(深圳龙坪天虹店)', '吉祥馄饨(深圳光明招商局店)', '吉祥馄饨(深圳中心书城店)', '吉祥馄饨(深圳坂田天虹店)', '吉祥馄饨(深圳华南城店)', '吉祥馄饨(深圳市宝能第一空间店)', '吉祥馄饨(深圳福华一路店)', '吉祥馄饨(深圳丰盛町店)', '祥', '馄饨', '☘️吉祥☘️', '吉祥馄饨(深圳中科纳能店)', '祥阖馄饨']"
63,虾吃虾涮,['虾吃虾涮长圳店']
64,味千拉面,"['味千拉面', '-  me', 'Me', 'Am', 'meng', '小芦千味拉面']"
65,永和豆浆,"['永和豆浆', '永和豆浆世界之窗店', '深圳市永和豆浆中粮店', '永和豆浆松岗店', '深圳市宝安区新安丹阳永和豆浆餐厅', '永', '永和', '宝安区松岗联宜永和豆浆店', '豆浆', '豆👄', '永和豆浆深圳中粮商务公园店', '永和豆浆店']"
66,阿香米线,"['米线', '阿香', '米', '阿香米线（坪山益田店）', '阿']"
67,鲜芋仙,"['鲜芋仙', '鲜芋仙小程序', '鲜芋仙雪花冰深圳宝龙店', '深圳市龙岗区鲜芋仙草甜品店']"
68,米芝莲,"['米芝莲', '米芝莲（深圳福城万达店）', '米芝莲（深圳滨海花园大仟里）', '米芝莲（深圳喜荟城店）', '米芝莲深圳京基百纳店', '米芝莲（深圳龙华九方加盟店）', '莲', '米芝莲深圳布吉店', '米芝莲（深圳8号仓店）', '芝']"
69,胖哥俩肉蟹煲,"['深圳市胖哥俩肉蟹煲', '胖哥', '胖蟹哥肉蟹煲海鲜烧烤']"
70,如意馄饨,['如意']
71,呷哺呷哺,"['呷哺呷哺', '呷哺呷哺餐饮管理（深圳）有限公司']"
72,味多美,"['味多美肠粉丨罗湖店', 'W', 'M', '多美', 'm', 'w', '美', 'M+', 'w.', 'W.', '多', 'we', 'mei', 'MeU', '深圳鲜味美', '客家盐焗风味美']"
73,廖记棒棒鸡,"['廖记棒棒鸡', '廖', '棒棒']"
74,西树泡芙,"['西树泡芙', '西树泡芙（益田假日广场店）']"
75,举个栗子,['栗子']
76,1点点,"['1点点', '1', '1点点(水围店)', '1点点(前进一路店)', '1点点(坑梓人民西路店)', '1点点(观澜富士康店)', '1点点(沙井地铁店)', '1点点(观澜老街店)', '1点点(创业南光路店)', '1点点(农林路店)', '1点点(坪山六和城店)', '1点点(南头店)', '1点点(龙胜地铁店)', '1点点(六约路店)', '1点点(沙井路店)', '1点点(西丽宝能环球汇店)', '1点点(华发北路店)', '1点点(龙华地铁店)', '1点点(保利文化广场店)', '1点点(大浪商业中心店)', '1点点(龙华天虹店)', '1点点(五和长发店)', '1点点(清湖硅谷大院店)', '1点点(西丽地铁站)', '1点点(潜龙花园店)', '1点点(坂田地铁店)', '1点点(西丽北路店)', '1点点(东门金世界店)', '1点点(福星路店)', '1点点(太白路店)', '1点点(华南城店)', '1点点(固戍一路店)', '1点点(建安一路店)', '记得开心1点']"
78,蛙来哒,"['蛙来哒', '蛙来哒（宝能太古城店）', '深圳市龙岗区一鼎兴蛙来哒餐饮店', '蛙来哒沙井京基百纳店', '蛙来哒金田影食广场店', '蛙来哒前海科兴园店', '深圳市宝安区福永新锐派蛙来哒餐厅', '蛙来哒壹方天地应', '蛙来哒（坪地CCone店）', '蛙来哒（中航城天虹购物中心店）', '蛙来哒深圳石岩星城店', '蛙来哒深圳盐田店', '深圳蛙来哒松岗店', '蛙来哒（宝能中心）', '蛙来哒（罗湖京基水贝时代店）', '深圳市蛙来哒', '蛙来哒益田假日坪山店', '深圳市龙华区华旺路蛙来哒餐饮店', '蛙来哒石厦店', '蛙来哒大仟里店', '深圳市蛙来哒西乡天虹店', '蛙来哒（来福士店）', '蛙来哒深圳新沙天虹店', '蛙来哒（深圳罗湖IBCmall店）', '蛙来哒（深圳龙岗万达店）', '蛙来哒（福田绿景虹湾店）', '蛙来哒深圳同泰店', '蛙来哒（天玑城店）', '蛙来哒新沙天虹店', '蛙来哒南山欢乐海岸店', '蛙来哒（龙华星河ICO店）', '蛙来哒（坂田店）', '蛙来哒深圳中洲购物中心店', '蛙来哒深圳1881mall店', '蛙来哒KKmall店', '深圳市蛙来哒光明大仟里店', '蛙来哒（沙井店）', '深圳市龙华区蛙来哒', '蛙来哒金光华店', '蛙来哒（华强北茂业百货店）', '蛙来哒深圳天安云谷店', '蛙来哒（领展店）', '蛙来哒（罗湖金光华店店）', '蛙来哒光明N次方店', '蛙来哒蛙锅9选1', '蛙来哒(深圳)餐饮管理有限公司卓悦中心分店', '蛙来哒深圳融湖中心店']"
79,太二酸菜鱼,"['太二', '鱼', '菜', '大二酸菜鱼', '陌小二酸菜鱼', '渔小二酸菜鱼龙华店']"
80,赛百味,"['赛百味', '赛百味（南科大店）', '赛百味侨城坊', '赛百味深业上城店', '赛百味世纪汇店', '深圳市赛百味华彩店', '百味', '赛百味SUBWAY蛇口店', '赛百味(南科大店)']"
81,绿茶餐厅,"['绿茶餐厅', '绿茶餐厅（coco park 店）', '绿茶餐厅（沙井新沙天虹店）', '绿茶餐厅（深圳宝能慧谷店）', '绿茶餐厅（深南广场万科店）', '绿茶餐厅（欢乐颂店）', '绿茶餐厅（欢乐海岸店）', '绿茶餐厅（西乡天虹店）', '绿茶餐厅（塘朗城店）', '绿茶餐厅（深圳茂业店）', '绿茶餐厅（深圳龙岗创城店）', '绿茶餐厅(龙岗星河cocopark店)', '绿茶餐厅(深圳龙华壹方天地店)', '绿茶餐厅（宝能太古店）', '绿茶餐厅(深圳福田茂业店)', '绿茶餐厅(深圳马成时代广场店)', '绿茶餐厅(深圳佳华广场店)', '绿茶餐厅(深圳光明华润N次方公园店)', '绿茶餐厅(深圳观澜湖店)', '绿茶餐厅(深圳欢乐海岸店)', '绿茶餐厅(深圳佳华领汇店)', '绿茶餐饮']"
82,满记甜品,"['满记甜品', '满记甜品HONEYMOONDESSERT', '满', 'Hon', 'honey', 'Honey🍀', 'ONE', 'HONEY', '满记甜品(深圳欢乐港湾店)', '甜品', '江记甜品', '伟记甜品', '满屋甜品', '明记甜品', '刘记甜品', '九记甜品', '港记甜品', '钰记甜品', '李记甜品', '福记甜品', 'FINDESSERT']"
83,探鱼,"['探鱼', '探鱼烤鱼', '探鱼融湖广场店', '探鱼深圳沙井百佳华店', '探鱼深圳宝安中洲πmall店', '探鱼烤鱼星都豪庭店', '刘凯探鱼深圳翻身店', '刘凯探鱼', '探鱼布吉凯旋荟店', '探鱼座纸包鱼', '探鱼座', '探鱼福田景田岁宝店', '探鱼深圳来福士广场店', 'T601探鱼深圳宝安壹方城店', '探鱼龙华红山6979店']"
84,面包新语,"['面包新语', 'BreadTalk面包新语', '面包', 'Re', 'DT', '面包心语', 'TAO BREAD', 'LKX', 'BreaDays', '包乐Bread Lok']"
85,豪客来,"['厦门豪客来餐饮管理有限公司', '中国豪客来牛排', '豪客来小吃店', '厦门豪客来科技有限公司', '豪', '龙华豪客来牛排', '豪客来牛肉面', '豪客来便利店', '豪客来牛排(深圳沙井形色城餐厅)']"
86,鲍师傅糕点,"['鲍师傅糕点', '傅', '糕点', '鲍加兵师傅糕点', '懂师傅糕点']"
87,棒约翰,"['上海棒约翰', 'AP', 'oh', 'JO', 'L  S  Y', 'Tloml-S', 'S&X（服饰店）', 'A is']"
88,比格比萨自助,"['自助', '格', '自助侠', '自助印', '自助洗', '自助购']"
89,喜家德水饺,"['喜家德水饺', '喜家德', '水饺', '水', '喜家德虾仁水饺', '喜家福水饺']"
90,巴黎贝甜,"['巴黎贝甜（深圳海雅缤纷城）', '巴黎🌧️', '黎', 'polaris']"
91,好利来,"['利', 'Li', '好利来水果行', '好', 'And', 'An', 'an', '好利来石家庄', '好利来超市', 'hollman', 'Andy', 'Liang', 'Alian', 'liang', 'ND绣']"
92,西少爷肉夹馍,"['肉夹馍', '爷', '西安肉夹馍', '陕西肉夹馍']"
93,WAGAS,"['wagas', '沃歌斯', 'AS', 'G·', 'G', 'Wagas沃歌斯(储能大厦店)', 'Asi']"
94,布歌东京,"['布歌东京', '东', '布']"
96,贤合庄,"['贤', '庄', '贤合庄卤味火锅（果粒城店）']"
97,锦州烧烤,"['锦州烧烤', '锦', '州', '锦州烧烤海鲜大排档', '东北锦州烧烤', '宝地锦州烧烤', '大拿锦州烧烤', '达州烧烤', '柳州烧烤', '化州烧烤']"
98,鲜果时间,"['果', '鲜果', '鲜果时光']"
99,甜啦啦,['甜啦啦']
100,桥头排骨,"['桥头排骨', '深圳市桥头排骨', '桥', '桥頭排骨']"
101,老台门,"['杭州老台门小笼包', '老台门早餐店']"
102,益禾堂,"['益禾堂', '热麦益禾堂', '益禾堂新和店', '深圳市益禾堂龙邦涵凯店', '一益禾堂饮品', '益禾堂坪地店', '新叶益禾堂', '益禾堂溪头店', '益禾堂公明天虹店', '益禾堂龙西店', '春晓益禾堂', '益禾堂深圳坂田地铁口店', '深圳益禾堂观澜店', '益', '益禾堂（后亭店）', '益禾堂沙井店', '益禾堂深圳龙岗街道店', '一益禾堂一（坪地泰和店）', '益禾堂岗厦店', '热麦益禾堂（马田店）', '桔荣益禾堂', '热麦益禾堂（民生一路店）', '益禾堂深圳福星店', '一益禾堂一（燕川店）', '益禾堂TM', '益禾堂深圳应人石南海百货店', '深圳市益禾堂公明广场店', '益禾堂岗头店', '益禾堂新洲店', '益禾堂宝龙店', '图米益禾堂', '益禾堂（宝岗店）', '一益禾堂一（平龙西路店）', '益禾堂桃源居店', '上木古益禾堂', '益禾堂（东门店）', '益禾堂（上沙店）', '益禾', '益禾堂兴业店', '热麦益禾堂（罗田店）', '益禾堂世界之窗店', '平湖一益禾堂一', '一益禾堂一（石岩店）', '爱尚益禾堂', '益禾堂固戍店', '益禾堂清湖店', '益禾堂深圳上星店', '深圳市宝安区益禾堂', '龙华益禾堂', '热麦益禾堂（黄麻布一号店）', '益禾堂深圳宝龙店', '益禾堂（田寮店）', '深圳市龙岗区益禾堂饮品店', '鸡排益禾堂甜食店', '深圳益禾堂新桥万丰店', '益禾堂（西校区店）', '益禾堂布吉三联店', '益禾堂南海店', '益禾堂云云饮品店', '图＊益禾堂', '深圳市益禾堂（光明店）', '益禾堂联布店', '东莞市益禾堂塘厦店', '益禾堂仁恒梦公园店', '青年益禾堂TM', '益禾堂(深圳香缤广场店)', '益禾堂奶茶店', '益禾堂（深圳市宝安区上川地铁店）', '天门市益禾堂奶茶职业学院店', '益禾堂店']"
105,无名缘米粉,"['无名缘米粉', '缘', '无名', '无', '米粉店']"
106,蜀大侠火锅,"['蜀大侠', '蜀大侠火锅世方里店', '大侠']"
107,吾饮良品,"['良', '吾。']"
109,窑鸡王,"['窑鸡王', '窑鸡王（新围店）', '窑鸡王（沙井天虹店）', '窑鸡王深圳市宝安区店', '窑鸡王深圳太白路店', '窑鸡王（壹方城店）', '窑鸡王（油松店）', '深圳市窑鸡王前海店', '窑鸡王（坪山天虹店）', '家家乐窑鸡王深圳蛇口店', '窑鸡王（白石洲店）', '窑鸡王（灵芝店）', '窑鸡王（光明塘家店）', '窑鸡王龙华民乐店', '窑鸡王深圳布吉店', '窑鸡王美食店', '窑鸡王（松坪山店）', '深圳市南山区南山街道窑鸡王餐饮店', '窑鸡王新安店', '窑鸡王（坑梓店）', '窑鸡王（深圳东站店）', '窑鸡王(欢乐颂店)', '窑鸡王塘下涌店', '窑鸡王深圳市怀德村店', '窑鸡王（马家龙店）', '窑鸡王(星城店)', '窑鸡王(南岭店)', '窑鸡王（龙华上塘店）', '窑鸡王（雪象店）', '窑鸡王龙胜地铁站', '港湾百货店窑鸡王', '窑鸡王深圳锦绣江南店', '窑鸡王深圳岗厦店', '窑鸡王（禾花店）', '窑鸡王桃源店', '窑鸡王大源店', '窑鸡王（松元厦店）', '窑鸡王（罗湖口岸店）', '窑鸡王-福星店', '窑鸡王（沙井地铁站店）', '窑鸡王-华南城店', '窑鸡王上沙店', '下水径窑鸡王', '窑鸡王深圳皇岗店', '窑鸡王红山店', '窑鸡王（长龙店）', '窑鸡王（坂田地铁站店）', '深圳市龙华区龙园窑鸡王美食店', '窑鸡王楼村店', '窑鸡王（星城店）', 'A00窑鸡王（横岗店）', '窑鸡王（万众城店）', '窑鸡王（宝安强盛店）', '窑鸡王店', '邱记烧鸡窑鸡', '茂名鸭粥越味窑鸡', '荔枝木烤鸡窑鸡', '窑之味现烤窑鸡']"
110,千里香馄饨王,"['千里香馄饨王', '千里香馄饨', '馄饨王', '千里香馄饨王深圳罗湖店', '千里香水饺馄饨王', '林记千里香馄饨王', '千里香馄饨店', '老上海千里香馄饨（坪山竹坑店）', '千里香馄饨店（白石厦店）', '千里香馄饨深圳白石龙店', '陈各付千里香馄饨店', '福建千里飘香馄饨（古浪路）', '老上海千里香馄饨']"
111,又卷烧饼,"['烧饼', '又卷烧饼深圳世界之窗店', '饼', '三卷烧饼']"
112,阿甘锅盔,"['阿甘锅盔', '阿甘锅盔广东深圳龙华区观澜湖新城店', '阿甘锅盔广东深圳宝安壹方城中心C店', '阿甘锅盔广东深圳南山益田假日店', '阿甘锅盔华润置地N次方店', '阿甘锅盔广东深圳南山来福士店', '阿甘锅盔广东深圳龙岗区坂田天虹店', '阿甘锅盔AG00379深圳新沙天虹', '阿甘锅盔广东深圳安区松岗满京华店', '阿甘锅盔深圳宝安区海雅缤纷城店', '阿甘锅盔广东深圳龙岗区宝能allcity', '阿甘锅盔广东深圳南山区汇港购物中心店', '阿甘锅盔广东深圳龙华福城天虹店', '锅盔', '阿甘锅盔广东深圳宝安区同泰时代广场', '阿甘锅盔广东深圳南山区科兴科学园', '阿甘锅盔龙岗区星悦天地店', '阿甘锅盔广东深圳南山区卓越后海中心店', '阿甘锅盔广东深圳龙华区壹方天地店', '阿甘锅盔广东深圳宝安新桥街道新沙路万丰店', '阿甘锅盔广东深圳宝安区创业天虹店', '甘', '阿甘', '阿军锅盔', '阿静锅盔']"
113,快乐番薯,"['快乐番薯', '快乐番薯甜品店', '深圳快乐番薯', '深圳快乐番薯宝安店', '快乐番薯（松岗天虹店）', '快乐番薯荣德国际店', '快乐番薯-坪山东门大街店']"
114,京八珍,['珍']
116,正新鸡排,"['正新鸡排', '深圳正新鸡排2', '正新鸡排欧客玛店', '正新鸡排（竹子林店）', '正新鸡排石岩美食街店', '正新鸡排（华泰超市店）', '深圳市宝安区正新鸡排', '深圳市正新鸡排', '正新鸡排（上合总店）', '正新鸡排（东海百货店）', '正新鸡排（楼村店）', '正新鸡排岗厦店', '正新鸡排（坂田大新店）', '正新鸡排（观澜兴万达广场店）', '正新鸡排深圳章阁店', '正新鸡排深圳福围店', '正新鸡排（正前鸡排店）', '正新鸡排丨大鹏佳兆业店', '正新鸡排深圳三围店', '正新鸡排深圳碧岭店', '正新鸡排（龙岗坂田店）', '正新鸡排白石洲店', '正新鸡排深圳沙井店', '正新鸡排（新和店）', '正新鸡排（宝安中洲店）', '正新鸡排(沙井万丰店）', '正新鸡排（宝安燕川店）', '正新鸡排三联店', '正新鸡排康雨店', '正新鸡排（深圳国威店）', '正新鸡排深圳源盛店', '正新鸡排（龙岗龙城广场店）', '正新鸡排深职院店', '正新鸡排深圳松岗华润万家店', '鸡排', '正新鸡排（田贝地铁站鸡排店)', '正新鸡排（东关珺府店）', '正新鸡排（松坪山店）', '正新鸡排庙东排骨', '正新鸡排深圳大浪元芬店', '深圳市正新鸡排上沙旗舰店', '正新鸡排（和平中英店）', '正新鸡排深圳盐田街店', '正新鸡排（虹湾店）', '正新鸡排（西乡天虹商场店）', '正新鸡排（宝龙六路店）', '正新鸡排（联合店）', '正新鸡排深圳石岩店', '正新鸡排（深圳创维店）', '正新鸡排深圳布吉店', '深圳正新鸡排水口花园店', '正新鸡排草铺店', '正新鸡排（龙岗星河）', '正新鸡排（沙头角店）', '正新鸡排（大鹏佳兆业店）', '正新鸡排登良店', '沥林服务区正新鸡排', '正新鸡排（盐田区楷丽晶商店）', '正新鸡排(公明西田店）', '深圳市正新鸡排南园店', '正新鸡排（下沙旗舰店）', '流塘市场正新鸡排唐', '正新鸡排（竹坑店）', '正新鸡排（年年好新村店）', '正新鸡排（湾厦店）', '正新鸡排福海新和店', '正新鸡排（暗径新村店）', '正新鸡排建设路店', '正新鸡排（西丽店）', '正新鸡排（松岗天虹店）', '正新鸡排林头店', '正新鸡排（上梅林店）', '正新鸡排（蛇口招商店）', '正新鸡排（惠阳宝来店）', '正新鸡排（深圳罗湖悦辰店）', '正新鸡排店']"
117,王婆大虾,['浩佳王婆大虾七一路旗舰店']
118,杨国福麻辣烫,"['杨国福麻辣烫', '杨国福麻辣烫店', '杨国福', '麻辣烫', '杨', '深圳市南山区杨国福麻辣烫阳光科创店', '杨国福麻辣烫深圳学府路店', '杨国福麻辣烫黄贝岭店', '深圳杨国福麻辣烫横岗店', '深圳市杨国福麻辣烫', '杨国福麻辣烫科兴店', '杨国福麻辣烫龙岗万达店', '深圳市宝安区西乡杨国福麻辣烫烫店', '杨国福麻辣烫深圳食悦店', '深圳市龙华区中源杨国福麻辣烫店', '杨国福麻辣烫龙东店', '杨国福麻辣烫深圳赤尾店', '杨国福麻辣烫东门店', '深圳市龙华区亮亮杨国福麻辣烫店', '杨国福麻辣烫深圳大仟里店', '深圳市龙华区福城李辉杨国福麻辣烫店', '杨国福麻辣烫深圳下沙店', '国', '杨国福麻辣烫深圳创业店', '深圳市杨国福麻辣烫金地龙城店', '杨国福麻辣烫深圳民乐店', '深圳市杨国福麻辣烫富士康店', '杨国福麻辣烫深圳坂田店', '杨国', '杨国福麻辣烫深圳梅林店', '杨国福麻辣烫大梅沙店', '杨國福麻辣烫', '麻辣烫店', '福客麻辣烫', '杨氏麻辣烫', '国旺麻辣烫', '国潮麻辣烫', '杨府麻辣烫', '老杨麻辣烫', '福轩麻辣烫', '杨姐麻辣烫', '国彬麻辣烫', '天福麻辣烫']"
119,叫了只炸鸡,"['叫了只炸鸡', '炸鸡', '叫了只炸鸡深圳福田店', '叫了只炸鸡深圳市龙华门店', '叫了只炸鸡丨共和花园', '叫了只炸鸡固戍直营店', '叫了个炸鸡', '炸鸡王', '台享叫了个炸鸡深圳沙井店', '炸鸡店']"
120,张亮麻辣烫,"['张亮麻辣烫', '张', '亮', '张亮麻辣烫（南岭店）', '张亮', '张亮麻辣烫海口市友谊阳光城店', '（ 张 ）', '张亮麻辣烫（裕和店）', '张洋麻辣烫', '张姐麻辣烫', '张三疯麻辣烫', '喜阿张麻辣烫', '亮亮麻辣烫万丰店', '张记麻辣烫酱板鸭辣鱼', '张飞麻辣烫深圳观澜店', '张扬麻辣烫无烟烧烤']"
122,五谷渔粉,"['五谷渔粉', '五谷渔粉总部', '深圳市伟旺五谷渔粉店', '五谷渔粉J2店', '五谷渔粉下沙店', '五谷渔粉（嘉邻中心店）', '深圳五谷渔粉', '五谷渔粉翠竹店', '五味草堂五谷渔粉', '深圳市五谷渔粉店', '五谷渔粉深圳上合店', '五谷渔粉深圳华南城店', '五谷渔粉深圳配套中心店', '五谷渔粉深圳鹤州店', '五谷渔粉南新路店', '五谷渔粉白石厦店', '五谷渔粉石岩店', '五谷渔粉石龙仔新店店', '五谷渔粉下水径店', '深圳市龙岗区佳兆业城市广场五谷渔粉店', '五谷渔粉葵涌老街店', '五谷渔粉（白灰围店）', '五谷渔粉深圳大磡店', '五谷渔粉深圳科技园店', '五谷渔粉清湖万盛百货店', '五谷渔粉C02店', '五谷渔粉深圳桥头店', '五谷渔粉深圳慢城店', '五谷渔粉（观澜百佳华）', '五谷渔粉东华明珠园店', '五谷渔粉(宝三丰店)', '五谷渔粉宝龙店', '五谷渔粉五味草堂葵涌店', '深圳市五谷渔粉南山店', '深圳市龙华新区大浪丽雅海清五谷渔粉店', '五谷渔粉（文峥鑫大厦店）', '五谷渔粉深圳沙井店', '黄焖鸡五谷渔粉深圳固戍店', '五谷渔粉深圳固戍店', '五谷渔粉灶下村店', '贺记五谷渔粉店', '五谷渔粉坳背店', '五谷渔粉深圳新健兴店', '五谷渔粉手工水饺', '五谷渔粉（金湖湾店）', '深圳市龙华新区水斗新围五谷渔粉店', '五谷渔粉（沙尾店）', '五谷渔粉深圳民乐店', '深圳市宝安区孙志伟五谷渔粉店', '深圳五谷渔粉（塘头店）', '深圳市五谷渔粉', '五谷渔粉钟屋店', '五谷渔粉深圳罗租店', '五谷渔粉油松科技大厦店', '五谷渔粉樟坑店', '五谷渔粉南约广场店', '斌哥五谷渔粉店', '赵雨五谷渔粉', '五谷渔粉丨宝安臣田店', '五谷渔粉丹竹头店', '五谷渔粉泛海分店19906', '百样红五谷渔粉', '五谷渔粉深圳岗头店', '五谷渔粉（保康路店）', '玲玲五谷渔粉', '深圳市宝安区韩殿武五谷渔粉店', '五谷渔粉（金沙街店）', '五谷渔粉深圳蛇口新街店', '深圳市五谷渔粉威尼斯店', '五谷渔粉（南新路店）', '正轩五谷渔粉深圳坪山比亚迪路店', '深圳市龙岗区阪尚釜蓝记五谷渔粉店', '林壮五谷渔粉店', '阪尚斧五谷渔粉', '五谷渔粉（罗湖店）', '龙华万福五谷渔粉店', '禧御贡茶W五谷渔粉', '五谷渔粉金牌烧腊深圳食悦店', '五谷渔粉上李朗店', '黄焖鸡，五谷渔粉', '深圳市龙岗区麦香五谷渔粉店', '五谷渔粉（通成路店）', '谷', '五谷渔粉餐饮深圳福永店', '五谷渔粉（富联店）', '五谷渔粉（龙盛广场店）', '五谷渔粉深圳清湖店', '五谷渔粉店', '五谷粉', '五谷鲜汤渔粉', '五谷鱼粉', '五味渔粉', '五谷漁粉', '五谷螺蛳粉渔粉']"
123,派乐汉堡,"['派乐星汉堡店', '贝派汉堡']"
125,沪上阿姨,"['沪上阿姨', '沪上阿姨佐阾虹湾店', '沪上阿姨鲜果茶(深圳沙井共和店)', '沪上阿姨鲜果茶(深圳双拥街店)', '沪上阿姨鲜果茶(深圳塘家店)', '沪上阿姨鲜果茶(深圳海雅缤纷城店)', '沪上阿姨鲜果茶(深圳坪山裕兴店)', '沪上阿姨鲜果茶(深圳龙岗杨美店)', '沪上阿姨鲜果茶(深圳水贝店)', '沪上阿姨鲜果茶(深圳五和店)', '沪上阿姨鲜果茶(深圳八卦岭店)', '沪上阿姨珠光店', '沪上阿姨鲜果茶(深圳莲塘聚宝店)', '沪上阿姨鲜果茶(深圳龙华新围店)', '沪上阿姨鲜果茶(兴东店)', '沪上阿姨鲜果茶(深圳坪地店)', '深圳市南山区南山街道沪上阿姨现煮五谷茶', '沪上阿姨鲜果茶(深圳平湖顺平店)', '沪上阿姨鲜果茶(深圳观澜佳纷天地店)']"
126,龙门花甲,"['龙门花甲', '花', '龙门花甲「缤果空间店」', '龙门花甲(益田假日广场店)', '龙门花甲（来福士店）', '龙门花甲（龙华清湖店）', '龙门花甲（宝安万达店）', '龙门花甲布吉佳兆业店', '花🌸', '龙门花甲（万达广场店）']"
127,N多寿司,"['N多寿司', 'N多寿司（深圳市龙华区龙华市场店）', '寿司']"
128,三顾冒菜,"['三顾冒菜', '三顾冒菜（固戍地铁店）', '三顾冒菜深圳灵芝店', '三顾冒菜(新洲店NO.3849)', '三顾冒菜（泥岗店）', '三顾冒菜万顺店', '三顾冒菜（龙华公园店）', '三顾冒菜天虹商场店', '三顾冒菜（龙东店）', '三顾冒菜深圳公明店', '金三顾骨汤冒菜']"
129,九田家,"['田', '深圳市宝安区九田家料理餐饮店', '深圳市龙华区九田家日式料理店', '深圳市南山区九田家果木韩式烤肉店', '牛', '九田家黑牛烤肉（沙井天虹店）', '肉', '烤羊肉']"
130,好粥道,"['好粥道', '好粥道·砂锅粥猪肚鸡夜宵城', '广东深圳宝安好粥道二店', '好粥道胡辣汤', '好粥道莲子玉米粥']"
131,玉林串串香,['玉']
132,川魂帽牌货冒菜,"['川', '……川']"
133,德庄火锅,['古田县德庄火锅店']
135,有拈头成都市井火锅,['有搞头市井火锅']
136,蜜哆哆炸鸡,['哆哆']
137,幸福西饼,"['幸福西饼', '幸福西饼门店', '幸福', '幸福西饼万庭店', '幸福西饼兰园店', '待幸福西饼塘朗宝能城店确认收款', '👉幸福👈', '幸福西饼毕加索大道店', '幸福西饼宝能城店', '幸福饼店']"
138,鸭途,"['莆田市城厢区鸭途卤味店', 'Sayatoo字幕精灵软件注册码', 'PotatoCorner店', 'Gelato·oO手工冰淇淋', 'o福o']"
139,皇叔冒菜,['皇叔冒菜广东茂名店']
140,鱼你在一起,"['鱼你在一起', '鱼你在一起（新沙天虹店）', '北京鱼你在一起品牌管理有限公司', '鱼你在一起（同富裕店）', '深圳市宝安区福海街道鱼你在一起同泰餐饮店', '深圳市宝安区鱼你在一起餐饮店', '鱼你在一起（公明百佳华店）', '深圳市宝安区福永街道鱼你在一起餐饮店', '深圳市坪山区坪山街道鱼你在一起赵林餐饮店', '鱼你在一起深圳满纷天地店', '鱼你在一起广东深圳宝安石岩岁宝店', '鱼你在一起深圳龙岗大道路店', '鱼你在一起（东门中心城店）', '鱼你在一起深圳华南城店', '深圳市宝安区新安街道兴旺鱼你在一起餐饮店', '鱼你在一起广东深圳福田益田华润万家店-1', '深圳市坪山区坪山街道鱼你在一起赵林餐饮', '鱼你在一起广东深圳福田丰盛町阳光街店', '你', '鱼你在一起（龙海家园店）', '鱼你在一起深圳卓悦时光店', '鱼你在一起泛海店', '鱼你在一起酸菜鱼', '鱼你在一起（常兴天虹店）', '鱼你在一起深圳沙井天虹店', '深圳市龙华区喜欢鱼你在一起餐饮店', '鱼你在一起(会展店)', '鱼你在一起（福永意库店）', '鱼你在一起深圳西乡天虹店', '在一起', '深圳市龙华区鱼你一起酸菜鱼餐饮店', '深圳市龙岗区鱼你一起酸菜鱼店', '一起拼']"
142,围炉三国锅盔,"['围炉三国锅盔', '围炉三国锅盔(光明蓝鲸世界店）', '围炉三国锅盔(花园城店)', '围炉三国锅盔（欢乐港湾店）']"
143,三个先森的韩国炸鸡,['韩国炸鸡']
144,大先生小碗菜,"['小碗菜', '生', '先生', '林先生小碗菜', '大城小碗菜']"
145,台资味,"['台资味台式便当', '台资味小吃店']"
146,紫燕百味鸡,"['紫燕百味鸡', '深圳市坪山区丹富紫燕百味鸡餐饮店', '燕', '深圳市南山紫燕百味鸡店', '紫燕百味鸡(深圳石厦北三街店)', '紫燕百味鸡(城市广场店)', '紫燕百味鸡(深圳龙岗龙城建设路店)', '紫燕百味鸡(深圳龙岗中海康城二期店)', '紫燕百味鸡(工业八路店)', '紫燕百味鸡(深圳中银花园店)', '紫燕百味鸡(深圳星海名城店)', '紫燕百味鸡(深圳盐田山海城东海四街店)', '紫燕百味鸡(深圳健康花城店)', '紫燕百味鸡(深圳宝丽路店)', '紫']"
147,一芳水果茶,"['水果', '芳', '果茶', '柠檬一水果茶']"
148,围炉锅盔,"['围炉锅盔', '围炉锅盔（龙岗星河iCO店）', '围炉锅盔（COCOPark店）', '深圳市龙岗区平湖围炉锅盔小吃店', '围炉锅盔（玖龙荟店）']"
149,老上海馄饨铺,"['老上海馄饨铺', '老上海馄饨', '老上海', '老上海馄饨铺（景苑店)', '老上海馄饨铺深圳坑梓店', '老上海馄饨铺沙三店', '老上海馄饨铺（上横朗）店', '老上海馄饨铺深圳罗湖老街店', '深圳市南山区敏记老上海馄饨铺', '深圳余记老上海馄饨铺', '老上海馄饨铺华南城店', '老上海馄饨铺福永店', '老上海馄饨铺（石岩兰姜）分店', '老上海馄饨铺深圳招商智慧城店', '老上海馄饨铺竹园街店', '老上海馄饨铺水坑店', '老上海馄饨铺梧桐山店', '老上海馄饨铺（上屋）店', '老上海馄饨铺塘尾店', '老上海馄饨铺玉塘店', '老上海馄饨铺（黎光村）店', '深圳羊台山老上海馄饨铺', '老上海馄饨铺深圳富士康店', '老上海馄饨铺（龙平东路老街店）', '老上海馄饨铺深圳稔田店', '老上海馄饨铺和平店', '老上海馄饨铺深圳清湖店', '老上海馄饨铺桃园店', '老上海馄饨铺天心楼店', '老上海馄饨铺信义店', '老上海馄饨铺（高坳新村）店', '老上海馄饨铺深圳华强北店', '老上海馄饨铺深圳天虹店', '老上海馄饨铺深圳观澜百佳华店', '老上海馄饨铺深圳宝安店', '老上海馄饨铺固戍店', '老上海馄饨铺深圳步涌店', '老上海馄饨铺（森海诺）店', '老上海馄饨铺深圳大富店', '老上海馄饨铺三九店', '33791詹记老上海馄饨铺', '老上海馄饨铺（妈湾店）', '老上海馄饨铺怀德店', '老上海馄饨铺深圳金湖湾店', '老上海馄饨铺（坂田天虹店）', '老上海馄饨铺深圳新平店', '老上海馄饨铺(金地名津分店)', '老上海馄饨铺汇通路店', '老上海馄饨铺深圳塘下涌店', '老上海馄饨铺深圳西丽店', '老上海馄饨铺（捷顺科技店）', '老上海馄饨铺中集智园店', '老上海馄饨铺深圳金盈新村店', '老上海馄饨铺华霆路店', '老上海馄饨铺航城店', '李记老上海馄饨铺（五和店）', '老上海馄饨铺凤凰店', '老上海馄饨铺（集悦城店）', '老上海馄饨铺深圳大发埔店', '老上海馄饨铺深圳红花岭店', '深圳老上海馄饨铺光明店', '千里香老上海馄饨铺', '上海馄饨', '老上海馄饨铺（宝星智荟城店）', '老上海馄饨铺（天福华府店）', '老上海馄饨铺大洋田店', '老上海馄饨铺深圳西部硅谷店', '老上海馄饨铺深圳吉祥花园店', '老上海馄饨铺深圳东海百货店', '老上海馄饨铺宝安西乡店', '苏李记老上海馄饨铺', '老上海馄饨铺大新店', '万记老上海馄饨铺（大浪店）', '原味林老上海馄饨铺（伍和百货店）', '老上海馄饨铺福田沙嘴店', '深圳老上海馄饨铺面馆', '老上海馄饨铺（天安分店）', '老上海馄饨铺（田寮）店', '老上海馄饨铺(下沙店)', '老上海馄饨铺深圳岗头店', '老上海馄饨铺深圳宝龙店', '老上海馄饨铺深圳新光路店', '老上海馄饨铺（联和店）', '老上海馄饨铺隆江猪脚饭', '老上海馄饨铺老街店', '新余记老上海馄饨铺', '老上海馄饨铺（龙华天虹商场店）', '老上海馄饨铺东莞宵边店', '老上海馄饨铺（沙元埔店）', '深圳老上海馄饨铺', '权记老上海馄饨铺', '叶记老上海馄饨铺', '老上海正品馄饨铺', '發記老上海馄饨铺', '方记老上海馄饨铺', '回甘老上海馄饨铺', '黄记老上海馄饨铺', '老上海馄饨王', '老上海馄饨店', '老上海馄饨面', '老上海大馄饨', '张记老上海海馄饨铺', '老上海馄饨(皇御苑店)', '老上海馄饨(福民店)', '老上海馄饨（凯滨店）', '老上海馄饨（官田）店', '老上海馄饨（水围）店', '老上海馄饨（U8店）', '深圳老上海馄饨', '老上海馄饨总店', '吴记老上海馄饨', '福记老上海馄饨', '九围老上海馄饨', '老上海馄饨王莲花路店', '老上海馄饨王深圳向西店', '老上海馄饨平湖分店', '老上海大馄饨深圳龙华店', '上海馄饨铺深圳吉莲大厦店', '老海馄饨铺深圳福安雅园店', '老上海馄饨深圳星海名城店', '老上海大馄饨（西岸花园）店', '老上海大馄饨丨水斗新围店', '老上海馄饨小铺（壹海城店）', '老上海馄饨深圳创维店', '老上海馄饨深圳民主店', '老上海馄饨塘家大店', '老上海馄饨面深圳电联店', '原味林老上海馄饨王', '老上海大馄饨深圳海城店', '老上海馄饨深圳坪山店', '老上海馄饨大新路店', '深圳老上海馄饨王中信龙盛广场店', '老上海馄饨王招商澜园店', '老上海馄饨深圳石凹店', '当满赞老上海馄饨坪洲店', '当满赞老上海馄饨王碧桂园店', '深圳市老上海馄饨王', '老上海馄饨（龙飞大道店）', '老上海馄饨水饺铺黄焖鸡米饭', '老上海馄饨店深圳盐田店', '福纪老上海馄饨惠州星河丹堤', '老北京炸酱面老上海馄饨店', '品有味老上海馄饨沙井店', '老上海馄饨惠州龙光城店', '老上海馄饨王沙县小吃', '老上海馄钝', '老上海馄炖', '老上海馄饨玉津店', '深圳老上海馄饨王', '老上海馄饨衙边店', '老上海馄饨小吃店', '好手艺上海馄饨铺', '家禾苑老上海馄饨', '深圳市老上海馄饨', '老上海馄饨金展店', '老上海馄饨粉粥面']"
150,酒拾烤肉,"['酒拾烤肉', '酒拾烤肉深圳满纷天地店', '酒拾烤肉深圳福永天虹店', '酒拾烤肉深圳西丽宝能环球汇店', '酒拾烤肉深圳宏发大世界店', '酒拾烤肉坪山坑梓店', '酒拾烤肉深圳公明店', '酒拾烤肉深圳宝安天虹购物中心店', '酒拾烤肉深圳仁恒梦中心店', '酒拾烤肉深圳五和店', '深圳沙井酒拾烤肉新沙天虹店', '酒拾烤肉深圳大浪中心店', '酒拾烤肉深圳坂田天虹店', '酒拾烤肉深圳同泰时代广场店', '酒拾烤肉深圳龙岗葵涌店', '酒拾烤肉（深圳龙岗世贸店）', '酒拾烤肉深圳南岭店', '酒拾烤肉深圳坪山竹坑店', '酒拾烤肉深圳莲塘岁宝店', '酒拾烤肉深圳清湖店', '酒拾烤肉深圳龙岗双拥街店', '酒拾烤肉深圳龙岗景华岭峯店', '酒拾烤肉(宏发大世界店)', '酒拾烤肉民治店']"
151,小谷姐姐麻辣拌·麻辣烫,"['小谷姐姐麻辣拌麻辣烫', '小谷姐姐麻辣拌麻辣烫（龙华店）', '小谷姐姐麻辣拌·麻辣烫', '小谷姐姐麻辣拌麻辣烫（凤岗店）', '小谷姐姐麻辣拌麻辣烫（深圳宝能环球汇店）', '小谷姐姐', '小谷姐姐麻辣拌·麻辣烫（樟坑径店）', '小谷姐姐麻辣拌·麻辣烫（汇邦中心店）', '小谷姐姐麻辣拌·麻辣烫（大水坑筹备店）', '小谷姐姐麻辣拌·麻辣烫（赛格店）', '小谷姐姐麻辣拌•麻辣烫（白石洲店）', '小谷姐姐麻辣拌·麻辣烫（章阁店）', '小谷姐姐麻辣拌·麻辣烫（华南城店）', '小谷姐姐麻辣拌·麻辣烫（布吉店）', '小谷姐姐麻辣拌·麻辣烫（坂田店）', '小谷姐姐麻辣拌·麻辣烫（益田假日店）', '小谷姐姐麻辣拌·麻辣烫（车公庙店）', '小谷姐姐麻辣拌·麻辣烫（深圳松岗店）', '小谷姐姐麻辣拌·麻辣烫（后瑞航城店）', '小谷姐姐麻辣拌·麻辣烫（丹竹头店）', '小谷姐姐麻辣拌·麻辣烫（新田店）', '小谷姐姐麻辣拌·麻辣烫（龙岗老街店）', '小谷姐姐麻辣拌·麻辣烫（田寮店）', '小谷姐姐麻辣拌·麻辣烫（观澜店）', '小谷姐姐麻辣拌·麻辣烫（东门店）', '小谷姐姐麻辣拌·麻辣烫（大和店）', '小谷姐姐麻辣拌•麻辣烫（上合二店）', '小谷姐姐麻辣拌·麻辣烫（公明店）', '小谷姐姐麻辣拌·麻辣烫（科兴店）', '小谷姐姐麻辣拌·麻辣烫（固戍店）', '小谷姐姐麻辣拌·麻辣烫（卓悦汇店）', '小谷姐姐麻辣拌·麻辣烫（车公庙2店）', '小谷姐姐麻辣拌·麻辣烫（坪地店）', '小谷姐姐麻辣拌·麻辣烫（石岩店）', '小谷姐姐麻辣拌·麻辣烫（天安云谷店）', '小谷姐姐麻辣拌.麻辣烫（壹方里店）', '小谷姐姐麻辣拌·麻辣烫（沙井店）', '小谷姐姐麻辣拌•麻辣烫（横沥店）', '小谷姐姐麻辣拌·麻辣烫（新洲村店）', '小谷姐姐麻辣烫·麻辣拌（坪山店）', '湘辣麻辣烫', '小谷姐姐麻辣烫·麻辣拌（深圳横岗店）']"
152,吉阿婆,"['吉阿婆', '深圳市龙岗区布吉阿婆鸡公煲店', '吉阿婆骨汤麻辣烫', '深圳吉阿婆观澜富士康一店', '吉阿婆麻辣烫']"
153,初山饭团,"['初山饭团', '初', '饭', '初山饭团店']"
154,三不牛腩,['不']
155,古茗,"['古茗', '浙江古茗后岸信息技术有限公司', '古']"
156,研磨时光咖啡,"['时光', '光', '研磨时光鲜果咖啡', 'Time·研磨时光·咖啡']"
157,喜姐炸串,"['喜姐炸串', '深圳市福田区岗厦喜姐炸串店', '深圳市南山区喜姐炸串宝能城餐饮店', '喜凤姐炸串', '三姐炸串', '陈姐炸串', '欢喜炸串', '霞姐炸串', '王姐炸串', '姐妹炸串']"
158,点兵点将,['兵']
159,朝天门,"['朝天门石锅鱼', '周记重庆朝天门面馆深圳锦绣店']"
160,老虎堂黑糖专売,"['专', '老虎', '虎', '老虎堂黑糖专売（盐田店）']"
161,厝内小眷村奶茶,"['奶茶', '奶茶店', '奶茶坊']"
162,庙东排骨,"['庙东排骨', '庙东排骨(福城天虹店）', '庙东排骨深圳西丽店', '庙东排骨（梅林店）', '庙东排骨（下梅林店）', '庙东排骨（宝龙店）', '庙东排骨（高新北店）', '庙东排骨(万科里店)', '庙东排骨（公明街道店）', '庙东排骨（竹子林店）', '庙东排骨（民治街道店）', '庙东排骨（爱联店）', '庙东排骨（水围店）', '庙东排骨（皇嘉商业广场店）', '庙东排骨（科技园店）', '庙东排骨（创意产业园店）']"
163,狗不理,"['天津狗不理深圳市宝安店', '天津狗不理']"
164,俏阿郎,['俏']
165,海伦司,"['海伦司', 'Helen', 'Helens', 'Len', 'Helens海伦司', 'Helens海伦司(深圳卓悦汇店)', 'Helens海伦司(深圳南岭村店)', ""baxi's online"", ""TAMER'S COFFEE"", 'Helen Moda']"
167,酥先生烤鱼饭,['烤鱼']
168,正大鸡排,['大鸡排']
169,琉璃鲸,['琉璃']
170,彭厨,"['彭厨', '彭厨光明店', '彭厨深圳松岗东方店', '彭厨（清湖店）', '彭厨-深圳龙岗店', '彭厨福永店', '彭', '彭厨溪头店', '彭小厨']"
171,早阳包子,"['早阳包子', '深圳市福田区早阳包子店', '早阳', '深圳市大鹏新区鲜早阳包子店', '包子', '早', '阳', '早阳包子店', '早阳鲜包', '早阳肉包', '早阳汤包']"
172,王氏现捞鸭脖,"['川王氏现捞鸭脖', '王氏现捞', '深圳市王氏现捞鸭脖', '现捞鸭脖', '湘王氏现捞', '罗湖区巴蜀王氏现捞']"
173,周先生的饭,['周']
174,大通冰室,['大道冰室']
175,鹿角巷,"['鹿角巷', '巷']"
176,五爷拌面,['五爷拌面']
177,赖胖子肉蟹煲,"['赖胖子肉蟹煲', '胖子', '赖']"
178,袁记饺子云吞,"['饺子', '袁记饺子', '袁', '袁记', '饺子云吞面', '邹记专业饺子云吞']"
179,老佛爷炭火蛙锅,"['老佛爷火锅店', '老佛爷铜炉蛙锅']"
181,袁记云饺,"['袁记云饺', '袁记云饺(香梅', '袁记云饺（深圳市龙岗区万科天誉店）', '深圳市袁记云饺民乐店', '民治（袁记云饺）', '袁记云饺(莲塘口岸店)', '袁记云饺〔深圳东大街店〕', '袁记云饺南山市场店', '徐记云饺', '王记云饺', '邹记云饺', '福记云饺']"


181,袁记云饺,"['袁记云饺', '袁记云饺(香梅', '袁记云饺（深圳市龙岗区万科天誉店）', '深圳市袁记云饺民乐店', '民治（袁记云饺）', '袁记云饺(莲塘口岸店)', '袁记云饺〔深圳东大街店〕', '袁记云饺南山市场店', '徐记云饺', '王记云饺', '邹记云饺', '福记云饺']"
183,切果now!,"['切果NOW白石龙店', 'NOW']"
185,ARTEASG,"['ARTEASG', 'ARTEASG（大浪商业中心店）', 'R', 'ARTEASG（8号仓店）', 'ARTEASG（海上世界店）', 'ARTEASG（世贸中心店）', 'ARTEASG（观澜湖新城店）', 'ARTEASG（益田假日天地店）', 'ARTEASG（观澜百佳华店）', 'ARTEASG（柯桥万达店）', 'ARTEASG（壹方天地店）', 'ARTEASG·新加坡奶茶（坂田北店）', 'ARTEASG·新加坡奶茶（新立街店）', 'ARTEASG·新加坡奶茶（锦鲤大厦店）', 'ARTEASG（天光城店）', 'ARTEASG奶茶（摩尔城店）', 'ARTEASG（光明乐府万达商场店）', 'ARTEASG（岁宝益田店）', 'ARTEASG新加坡奶茶（大冲店）', 'ARTEASG（车公庙店）', 'ARTEASG（同泰时代广场店）', 'ARTEASG·奶茶（KKONE店）', 'ARTEASG（益田假日广场店）', 'ARTEASG（兆禾里购物中心店）', 'ARTEASG（南光店）', 'ARTEASG（6979购物中心店）', 'ARTEASG·新加坡奶茶（公园店）', 'ARTEASG（紫荆城店）', 'ARTEASG（东华大厦店）', 'ARTEASG （皇庭广场店）', 'ARTEASG(京基KKTIME）', 'ARTEASG（布吉东街店）', 'ARTEASG（东门步行街店店）', 'ARTEASG（招商中环店）', 'ARTEASG（乐淘里商场店）', 'ARTEASG（坪洲店）', 'ARTEASG（天安云谷店）', 'ARTEASG（勤诚达广场店）', 'ARTEASG（阳光百汇广场店）', 'ARTEASG（云城万科里店）', 'RT', 'sgr', 'RSARTEA']"
187,大鼓米线,"['大鼓米线', '大鼓米线(深圳宝安妇幼XZ)']"
188,蒙自源过桥米线,"['蒙自源过桥米线', '蒙自源', '源', '过桥米线', '过', '蒙自源米线']"
189,阿遇烤五花肉,"['阿遇烤五花', '阿遇烤五花联横街店']"
191,楠火锅,"['楠火锅', '楠火锅（沙井百佳华佳漾汇）', '楠火锅（田厦店）', '楠火锅（光明大仟里店）', '楠火锅（领展中心店）', '楠火锅（龙岗世贸中心店）', '楠火锅（南油店）', '楠火锅（宝安西乡店）', '楠火锅（仁恒梦中心店）', '楠火锅（车公庙店）', '楠火锅（龙华壹方天地店）', '楠火锅（深圳福永同泰城店）', '楠火锅（坂田天安云谷店）', '楠火锅（海雅店）', '楠火锅（坂田店3）', '楠火锅（罗湖东门店）', '楠火锅（坂田店2）', '楠火锅（坂田店1）', '楠火锅（中心城店）', '超级楠火锅店', '楠火锅（红山6979店）']"
192,阿婆牛杂,"['阿婆牛杂', '阿婆牛杂车公庙店', '顶道阿婆牛杂坂田店', '顶道阿婆牛杂', '湾仔阿婆牛杂深圳南山店', '阿婆牛杂（深圳市龙岗区西环路店）', '顶道阿婆牛杂共和花园店', '阿婆牛杂（深圳福田连城新天地店）', '阿婆牛杂（深圳光明万达店）', '阿婆牛杂（深圳南山深圳湾公园店）', '阿婆牛杂2店', '牛杂', '阿婆牛杂（泰然科技园）', '阿婆牛杂（深圳宝安勤诚达广场店）', '深圳阿婆牛杂合水口店', '阿婆牛杂（深圳甘坑客家小镇店）', '阿婆牛杂（深圳龙岗五和伍城市广场店）', '阿婆牛杂深圳凤凰店', '阿婆牛杂金地龙城店', '阿婆牛杂（深圳龙华福城天虹广州店）', '阿婆福牛杂', '阿婆时光牛杂', '阿婆福牛杂店', '阿婆福牛杂铺', '阿林牛杂']"
193,花雕醉鸡,['小广福花雕醉鸡']
195,巴比馒头,"['巴比馒头', '巴比', '巴比馒头深圳金菊店', '巴比馒头深圳侨香路店', '巴比馒头深圳长宁店', '巴比馒头深圳光明区光明店', '巴比馒头新安店', '巴比馒头正云路店', '巴比馒头荔园店', '巴比馒头丨南山店', '巴比馒头伟䘵雅苑深圳店', '深圳市宝安区荔丰路巴比馒头店', '巴比馒头深圳市兴华二路店', '深圳市巴比馒头南光店', '巴比馒头阳光工业区店', '巴比馒头深圳千欣街店', '巴比馒头二店', '巴比馒头岗厦店', '巴比馒头侨香路店', '巴比馒头盘龙店', '巴比馒头壹方里店', '巴比馒头农林店', '巴比馒头上雪店', '巴比馒头仙霞西路店', '巴比馒头海山路店', '巴比馒头欣旺达店', '巴比馒头深圳宝体店', '芭比馒头', '巴稻馒头']"
196,蒸旺,"['蒸旺', '蒸旺包子店', '蒸旺手工包深圳兴东店', '蒸旺汤包', '朱记蒸旺汤包店', '蒸旺深圳阳光科创店', '蒸旺龙华店', '蒸旺（南联店）', '蒸旺深圳坂田北店', '蒸旺手工包点', '深圳市龙华区蒸旺汤包宝龙店', '蒸旺深圳甘坑店', '蒸旺竹子林店', '深圳市光明区蒸旺汤包店', '蒸旺手工包点深圳金田路店', '深圳市福田区蒸旺包子店', '蒸旺深圳福田新洲店', '蒸旺手工包点深圳科苑店', '蒸旺包点店', '深圳市光明区蒸旺汤包店1', '蒸旺龙华君子嘉园', '蒸旺深圳横岗店', '蒸旺包点', '蒸旺早餐竹子林店', '蒸旺手工包店固戍店', '蒸旺深圳沙井店', '蒸旺深圳松岗店', '蒸旺小菜', '蒸旺包子铺', '蒸旺君子嘉园', '蒸旺手工汤包店', '蒸旺包子', '蒸旺手工包', '东莞市塘厦蒸旺包点店', '蒸旺店', '蒸旺小吃店', '旺', '蒸旺汤包店']"
197,元祖食品,"['食品', '元']"
199,大渝火锅,"['大牛火锅', '蜀渝火锅']"
200,R&B巡茶,"['Toys""R""Us (HK) Ltd. HKG', '待Ella.R（8栋-1005...确认收款']"
201,蓉李记,"['李', '蓉李记餐饮', '蓉', '李记']"
202,韩宫宴炭火烤肉,"['炭火烤肉', '韩', '韩宫宴炭火烤肉（下沙Kkone店）', '韩牛匠炭火烤肉']"
204,700CC天然苏打水茶饮,"['Cc', '茶饮', 'CC', '茶饮坊']"
206,老汉口热干面,"['老汉口热干面', '热干面', '老汉口', '深圳老汉口热干面', '汉口佬热干面', '热干面馆', '汉口佬热干面深圳兴东路店', '武汉热干面', '老熊热干面', '干扣面', '干脆面', '老俩口绝味热干面']"
207,舌尖疯狂在成都,"['疯', '舌尖疯狂在成都五联店']"
208,1973继光香香鸡,"['香香', '继光香香鸡', '19', '97', '香香🐏', '1+1']"
209,米村,['优米村庄']
211,吉布鲁牛排海鲜自助,['吉布鲁牛排海鲜自助(深圳金牌店)']
212,伏小桃,['伏小桃(深圳龙岗万象汇)']
213,享哆味,"['享哆味', '享', '享哆味龙岗黄金山餐厅', '丹桂轩享味']"
214,集渔泰式海鲜火锅,['泰']
215,麦田蛋糕,"['新麦田蛋糕店', '金麦蛋糕', '田甜蛋糕']"
216,御厨传奇,['传奇']
217,蛙小侠,"['蛙小侠', '蛙小侠深圳北店', '蛙小侠清湖益田店', '蛙小侠深圳皇庭广场店', '蛙小侠龙华天虹购物中心店']"
221,锦当鲜牛肉饼,"['牛肉', '锦当鲜牛肉饼（深圳福田华强北店）']"
222,大斌家,"['大斌家·米粉铺', '斌', '大斌家串串火锅品牌', '大斌家串串火锅深圳万达广场店', '大斌家串串火锅（阳光科创店）', '大斌家串串火锅九龙街店']"
223,两岸咖啡,"['左岸咖啡', '岸畔咖啡']"
224,香天下,"['宝安区周记香天下餐饮店（个体工商户）', '香湘天下']"
225,鄰里·手打柠檬茶,"['鄰里手打柠檬茶', '鄰里·手打柠檬茶', '鄰里丶手打柠檬茶', '鄰里.手打柠檬茶', '鄰里手打柠檬茶店', '鄰里', '鄰里手打柠檬茶下水径华润万家店', '柠檬茶', '鄰里手打柠檬茶（草埔店）', '鄰里手打柠檬茶（观澜老街店）', '鄰里手打柠檬茶（固戍红湾店）', '鄰里手打柠檬茶（塘尾店）', '鄰里手打柠檬茶（长圳店）', '鄰里手打柠檬茶（天安云谷店）', '鄰里手打柠檬茶（东环天虹店）', '鄰里手打柠檬茶(华润店)', '鄰里手打柠檬茶（坑梓店）', '鄰里手打柠檬茶盐田街店', '鄰里手打柠檬茶深圳共乐店', '鄰里手打柠檬茶（杨美店）', '深圳鄰里手打柠檬茶西丽店', '鄰里手打柠檬茶(远洋广场店)', '鄰里手打柠檬茶丨盐田店', '鄰里手打柠檬茶（卓越店）', '鄰里手打柠檬茶·南山科技园店', '深圳鄰里手打柠檬茶', '邻里手打柠檬茶', '粼里手打柠檬茶', '手打柠檬茶', '鄰里柠檬茶', '鄰里手打柠檬茶大围店', '鄰里手打柠檬茶沙三店', '鄰里手打柠檬茶信义店', '鄰里手打柠檬茶广芳店', '鄰里手打柠檬茶国贸店', '邻里序手打柠檬茶', 'LINLEE林里·手打柠檬茶', '柠檬茶社', '鄰里·手打柠檬茶（东门戏院店）', '鄰里·手打柠檬茶（固戍联昇店）', '鄰里 手打柠檬茶（固戍店）', '鄰里·手打柠檬茶星港同创汇店', '鄰里·手打柠檬茶（大浪商业中心后浪店）', '鄰里.手柠檬茶(百易广场店)', '鄰里·手打柠檬茶(可园店)', 'LINLEE林里手打柠檬茶（红岭北店）', '鄰里·手打柠檬茶（留仙洞店）', '鄰里-手打柠檬茶(九围店)', '鄰里·手打柠檬茶(福田八卦岭店)', 'w手打柠檬茶', '鄰里柠檬茶店', '鄰里·手打柠檬茶 （壹方天地店）', '鄰里·手打柠檬茶（沙井地铁站店）', '鄰里.手打柠檬茶(盐田山海城家园店)', '鄰里·手打柠檬茶（公园里店）', '鄰里·手打柠檬茶（华润万家店）', '粼里手打柠檬茶怡华新村店', '鄰里 手打柠檬茶主机游戏跨界店', '鄰里.手打柠檬茶(万科星辰汇店)', '鄰里·手打柠檬茶（南坑店）', '鄰里.手打柠檬茶（荔景大厦店）', '鄰里·手打柠檬茶（西城上筑店）', '七仔手打柠檬茶', '潮柠手打柠檬茶', '柠渡手打柠檬茶', '7㎡手打柠檬茶', '深柠手打柠檬茶', '手打地摊柠檬茶', '囍柠手打柠檬茶', '绿柠手打柠檬茶', '市井手打柠檬茶', '富贵手打柠檬茶', '泰式手打柠檬茶', '柠好手打柠檬茶', '肥仔手打柠檬茶', '广式手打柠檬茶', '新光手打柠檬茶', '茶柠手打柠檬茶', '抡擂手打柠檬茶', '依柠手打柠檬茶', '印象手打柠檬茶', '唯迩手打柠檬茶', '小武手打柠檬茶', '伍圆手打柠檬茶', '鄰里泰绿手打柠檬茶 西乡店']"
226,茶萃吧,"['茶萃吧', '新村茶萃吧', '茶萃吧和平店', '茶萃吧（坪山坑梓店）', '茶萃吧深圳勒竹角店', '茶萃吧（燕川北路店）', '茶萃吧（上星步行街店）', '茶萃吧（石岩东海百货店）', '茶萃吧（龙岗白石塘子美街店）', '茶萃吧（福永新村店）', '尚屋茶萃吧', '茶萃吧深圳玉律一区店', '茶萃吧深圳光明店', '茶萃吧（西田时代广场店）', '茶萃吧（龙岗下李朗店店）', '茶萃吧深圳步涌店', '茶萃吧角塘店', '深圳茶萃吧', '茶萃吧奶茶店', '茶萃吧（龙岗六约店）', '茶萃吧（公明地铁口店）', '深圳市松岗星洲时代茶萃吧饮品店', '茶萃吧（福永东海百货店）', '茶萃吧（沙井新桥店）', '茶萃吧（福永金凤凰店）', '茶萃吧（福永凤凰富源店）', '茶萃吧（公明东坑店）', '茶萃吧（松岗大田洋店）', '茶萃吧（合水口柏溪店）', '茶萃吧（凤凰塘福街店）', '茶萃吧（松岗红星店）', '茶萃吧（新玉大道店）', '茶萃吧（龙华玉翠店）', '茶萃吧（凤凰甲子塘店）', '茶萃吧（龙华大浪凯宾店）', '茶萃吧（台湾工业园店）', '茶萃吧（新田社区店）', '茶萃吧（光明下石店）', '茶萃吧（海滨新村四区店）', '茶萃吧（松岗温屋店）', '茶萃吧（龙华天诚路店）', '茶萃吧（兴百盛广场店）', '茶萃吧（石岩国泰店）', '茶萃吧（塘尾十区店）', '茶萃吧（沙井步涌村前店）', '茶萃吧泰兴花园店丨宝安店', '茶萃吧（沙井万丰仁爱店）', '茶萃吧（大水坑水南街店）', '茶萃吧深圳燕川公园店', '茶萃吧松岗田洋店', '茶萃吧（公明下辇店）', '茶萃吧（观澜大水坑店）', '茶萃吧（龙华龙园店）', '润滋滋茶萃吧茶饮全国加盟', '茶萃吧（沙井新沙路店）', '茶萃吧深圳沙三店', '茶萃吧福和路店', '深圳市光明区晓梅茶萃吧奶茶店', '茶萃吧（塘厦莆心湖店）', '茶萃吧（涌头美惠多店）', '茶萃吧(大亚湾老畲村店）', '茶萃吧（玉律广场店）', '观澜大水坑二村茶萃吧', '茶萃吧（龙华龙泉花园店）', '茶萃吧（石排公园店）', '松岗茶萃吧', '茶萃吧（龙华福城街道店）', '深圳市坪山区马峦街道悠悠果茶吧', '乐芙饮茶吧', '风铃奶茶吧', '深圳市宝安区梦点茶吧']"
227,HELP!猴子的救兵,"['猴子', 'LP']"
228,小田豆浆,"['小田豆浆', '小田豆浆（福田总店）', '小田豆浆（莲塘店）', '深圳市福田区小田豆浆总店', '小田', '田田豆浆', '小禾豆浆', '田叔豆浆']"
230,张一碗云南过桥米线,['食寨云南过桥米线']
231,深井烧鹅,"['深井烧鹅', '熹记深井烧鹅', '深圳华南城深井烧鹅上木古店', '顺记深井烧鹅（梧桐山店）', '深井烧鹅（新秀店）', '萬利深井烧鹅', '永兴隆深井烧鹅', '佳佳深井烧鹅深圳泥岗店', '深井烧鹅深圳悦兴路店', '深圳壹城深井烧鹅店', '深井烧鹅瓦窑排店', '荣记深井烧鹅深圳沙井店', '万利深井烧鹅深圳岗厦店', '尚品深井烧鹅', '家记隆江猪脚饭深井烧鹅', '深井烧鹅肠粉汤粉（澳门工业区店）', '发记深井烧鹅店', '深圳市罗湖区佳佳深井烧鹅店', '深井烧鹅深圳大浪南路店', '佳佳深井烧鹅', '萬利深井烧鹅深圳金色假日店', '顺记深井烧鹅（地王店）', '深井烧鹅深圳劳动路店', '深', '熹记深井烧鹅深圳坂田北店', '营创深井烧鹅(曼哈商业广场店)', '深井烧鹅大浪店', '深圳市光明区陈记深井烧鹅', '熹记深井烧鹅深圳福田店', '合记深井烧鹅新坡头店', '深井烧鹅流塘店', '合记深井烧鹅', '深井烧鹅深圳莲塘店', '深井烧鹅龙华书城店', '湛江皇味深井烧鹅', '深井烧鹅（曼哈数码）', '江记深井烧鹅', '熹记深井烧鹅深圳平湖店', '深圳市罗湖区御膳深井烧鹅店', '陈记深井烧鹅', '深井烧鹅港式茶餐厅', '黄记深井烧鹅', '粤香深井烧鹅', '深井烧鹅烧腊店', '深圳市宝安区松岗街道文记港式深井烧鹅店1', '井', '深井烧鹅店', '深井烧鹅皇', '深井烧腊']"
232,愿者上钩,"['愿者上钩', '深圳市宝安区松岗愿者上钩烤鱼店', '愿者上钩（东坑店）', '深圳愿者上钩', '愿者上钩福永和平店', '愿者上钩深圳龙岗店', '愿者上钩（大浪店）', '愿者上钩（福永店）', '深圳市愿者上钩', '愿者上钩西乡步行街店', '愿者上钩深圳观澜店', '愿者上钩深圳大鹏新区店', '愿者上钩深圳凤凰店', '深圳愿者上钩沙井万丰店', '深圳市愿者上钩纸包鱼', '愿者上钩（爱华店）', '愿者上钩（布吉老街店）', '愿者上钩（五和店）', '愿者上钩龙岗龙西店', '愿者上钩（立业路店）', '愿者上钩（景田店）', '深圳市宝安区愿者上钩塘下涌店', '深圳市龙华区观湖愿者上钩纸包鱼店', '愿者上钩深圳元芬店', '愿者上钩深圳玉律店', '愿者上钩龙岗爱联店', '愿者上钩深圳流塘店', '愿者上钩深圳大鹏中心城店', '愿者上钩深圳石岩官田店', '愿者上钩深圳新庄店', '愿者上钩应人石分店', '愿者上钩纸包鱼店', '愿者上钩李松蓢店', '深圳市愿者上钩松岗潭头店', '愿者上钩平湖白泥坑店', '愿者上钩宝安南路店', '愿者上钩深圳鹤洲店', '愿者上钩深圳大和店', '愿者上钩（丹竹头店）', '愿者上钩（桥和路店）', '愿者上钩（田贝店）', '深圳市愿者上钩圳美店', '深圳市愿者上钩珠光店', '愿者上钩燕南店', '愿者上钩深圳宏发工业园店', '愿者上钩龙城店', '愿者上钩深圳坪山碧岭店', '愿者上钩龙岗新生店', '愿者上钩深圳银田店', '愿者上钩深圳布吉天虹店', '愿者上钩田寮店', '深圳市坪山区竹坑愿者上钩烤鱼店', '愿者上钩松岗江边店', '深圳市愿者上钩上星店', '愿者上钩甲子塘店', '愿者上钩（华荣路店）', '愿者上钩怀德店', '愿者上钩(长龙店)', '愿者上钩深圳上横朗店', '深圳市愿者上钩宝源店', '愿者上钩华南城店', '愿者上钩公明店', '深圳市愿者上钩东塘店', '愿者上钩深圳塘家店', '愿者上钩（步涌店）', '愿者上钩沙嘴店', '愿者上钩坪山竹坑店', '深圳愿者上钩长盛店', '愿者上钩（马安山店）', '愿者上钩宝安三围店。', '愿者上钩深圳公明马山头店', '愿者上钩烤鱼福星店', '愿者上钩沙井民主店', '愿者上钩（下沙店）', '愿者上钩岗头店', '愿者上钩同乐店', '深圳市愿者上钩固戍南昌店', '愿者上钩麻布店', '愿者上钩深圳长圳店', '愿者上钩福永店', '深圳愿者上钩湖贝店', '愿者上钩深圳天汇大厦店', '愿者上钩横岗西坑店', '愿者上钩坳背店', '愿者上钩公明四季新城店', '深圳市愿者上钩桂花店', '愿者上钩固戍华庭店', '愿者上钩（塘前路店）', '愿者上钩（八卦岭店）', '深圳市愿者上钩园岭店', '深圳市愿者上钩黄田店', '愿者上钩深圳沙井店', '愿者上钩深圳万联店', '深圳市愿者上钩牛湖店', '愿者上钩壹海城店', '愿者上钩后亭店', '深圳市愿者上钩固戍店', '愿者上钩蛇口店', '愿者上钩平湖店', '愿者上钩子美店', '愿者上钩光明广场店', '愿者上钩深圳新田店', '愿者上钩（巴登店）', '愿者上钩龙岗五联同心店', '愿者上钩同富路店', '愿者上钩世纪城店 浪尾店', '愿者上钩深圳上南店', '愿者上钩观澜店', '愿者上钩龙华天虹店.', '深圳市龙岗区雅茂愿者上钩烤鱼店', '愿者上钩洪浪北站店', '愿者上钩龙岗坪地店', '愿者上钩龙岗吉祥店', '愿者上钩龙岗宝龙一路店', '愿者上钩(动感餐吧)', '深圳愿者上钩前进二路店', '愿者上钩深圳樟坑三区店', '深圳市愿者上钩民生路8号店', '愿者上钩（海澜之家旁）', '深圳市龙岗区盛龙愿者上钩餐厅', '愿者上钩简龙店.', '愿者上钩（观澜兴万达店）', '愿者上钩新二店.', '愿者上钩楼村店', '愿者上钩光辉店', '愿者上钩龙华天虹店', '愿者上钩烤鱼', '愿者上钩宝安三围店', '愿者上钩龙岗中心城店', '愿者上钩龙岗嶂背路店', '愿者上钩油甘埔店']"
233,辣莊,['莊']
234,霸王茶姬,"['霸王茶姬', '霸王别姬']"
235,蓉李记成都名小吃,"['小吃', '成都名小吃', '名杨小吃', '小吃店', '小吃摊', '小吃点']"
236,小糖沫沫,"['沫沫', '小糖']"
237,B.Duck TEA鸭鸭茶,"['鸭鸭', 'Y|B', '帅都鞋业（B）', 'B G童装', 'T K', '【收费】 4-B-103 （员工端收费）6585.04', 'B-55', '、偉♚b.', 'BDUCKTEA']"
238,许留山,['许']
239,庆丰包子铺,"['包子铺', '五丰包子铺', '甽丰禾包子铺']"
240,阿尔卑斯,['阿尔卑斯门窗']
242,大卡司,"['大卡司', '大卡司（龙岗老街店）', '大卡司DAKASI（爱联店）', '大卡司DAKASI（坪山中兴店）', '大卡司饮品店', '大卡司葵涌店', '深圳大卡司奶茶店', '大卡司六约店', '深圳市盐田区大梅沙大卡司饮品店', '大卡司深圳中心书城店']"
243,三津汤包,"['三津汤包', '三津汤包深圳市莲塘路店', '深圳市三津汤包', '三津汤包深圳明亮科技园', '深圳三津汤包', '三津汤包深圳店', '三津汤包观光路', '三津汤包深圳新和店', '三津汤包深圳南山店', '三津汤包中心公馆店', '三津汤包应人石店', '三津汤包龙岗店', '三津汤包恒明珠科技工业园店', '三津汤包深圳永丰路店', '三津汤包龙华店', '三津汤包深圳三围店', '三津汤包深圳白芒店', '三津汤包福宁路店', '三津汤包悦新围店', '三津汤包沙井店', '三津汤包深圳市龙岗区', '三津汤包深圳石岩店', '三津汤包雪象店', '三津汤包塘头又一村店', '三津汤包深圳恒丰工业城店', '深圳市龙岗区三津汤包店', '三津汤包招商花园店', '三津汤包白石厦店', '三津汤包同富康店', '三津汤包深圳深大店', '三津汤包诚信华庭店', '三津汤包莲花路店', '三津汤包松观店', '三津汤包石龙店', '三津汤包深圳龙华店', '三津汤包章阁店', '三津汤包深圳松岗店', '三津汤包深圳盛华店', '三津汤包深圳公园路店', '罗湖三津汤包', '三津汤包深圳宝安店', '三津汤包深圳樟坑三区店', '三津汤包天鹅湖店', '三津汤包深圳南油店', '三津汤包凯滨店', '三津汤包元芬店', '三津汤包深圳金安路店', '三津汤包深圳龙岗南约店', '三津汤包花店', '深圳市三津汤包水斗店', '三津汤包深圳科苑路店', '三津汤包（田心新村店）', '三津汤包深圳罗湖草埔店', '三津汤包深圳鹤州店', '三津汤包（民治店）', '三津汤包深圳新田店', '三津汤包深圳红岗店', '三津汤包深圳塘头店', '深圳市三津汤包华强北店', '三津汤包深圳和平店', '深圳市大浪三津汤包', '深圳尚梭店三津汤包店', '三津汤包大浪店', '三津汤包深圳黄贝岭店', '深圳龙岗区三津汤包店', '三津汤包西田店', '三津汤包宝安灶下村店', '三津汤包山海苑', '三津汤包上城名店', '三津汤包深圳八卦三路汉富中心店', '美味三津汤包店', '三津汤包深圳新生店', '三津汤包深圳信义领御店', '三津汤包深圳塘尾店', '三津汤包深圳龙西店', '三津汤包洪浪北店', '三津汤包2店', '深圳市龙华区二人行三津汤包店', '三津汤包湾厦牌坊店', '三津汤包深圳高源路店', '三津汤包深圳观澜店', '三津汤包嘉宝庭花园', '黎光村三津汤包', '三津汤包车公庙店', '三津汤包深圳罗沙店', '三津汤包深圳温馨店', '深圳三津汤包尖岗山店', '三津汤包水库店', '三津汤包长宝大厦店', '三津汤包深圳华润万家店', '三津汤包深圳清湖店', '三津汤包深圳（西环路）店', '三津汤包深圳益田店', '深圳市龙岗区何记三津汤包店', '三津汤包龙胜店', '深圳市福田区阿维三津汤包店', '三津汤包广福大厦店', '三津汤包（桂园路店）', '三津汤包深圳朗下店', '深圳市三津汤包水湾店', '三津汤包大勘店', '三津汤包深圳五联店', '三津汤包桃源居店', '平湖三津汤包店', '三津汤包深圳学园路店', '深圳市三津汤包宝安兴围店', '三津汤包深圳建安店', '三津汤包玉山公馆店', '深圳市三津汤包桃苑店', '深圳市南山区南山街道三津汤包美味屋', '深圳市三津汤包店', '三津汤包布心二村店', '三津汤包深圳新和一区店', '三津汤包餐厅', '三津汤包深圳曼海宁店', '三津汤包东泉新村店', '三津汤包东莞兴盛南街店', '三津汤包深圳光明碧园路店', '深圳市龙华区松元夏三津汤包店', '三津汤包福田兴业大厦店', '三津汤包璞誉府店', '三津汤包深圳龙胜店', '罗湖国贸三津汤包', '三津汤包（天虹店）', '三津汤包深圳潭头店', '三津汤包深圳市盐田店', '三津汤包深圳碧波店', '深圳市龙岗区园山街道方兵红三津汤包店', '三津汤包深圳南坑', '三津汤包深圳大坑店', '三津汤包水围店', '三津汤包深圳中粮商务公园店', '三津汤包深圳水贝店', '深圳市三津汤包新闻路店', '三津汤包店龙岗区', '三津汤包深圳福田百花园店', '三津汤包康达尔店', '三津汤包深圳呈祥花园店', '三津汤包丹竹头店', '三津汤包深圳沙朗路店', '三津汤包天朗风清店', '深圳福田区洋洋三津汤包店', '三津汤包深圳龙岗店', '三津汤包（南光店）', '三津汤包深圳东海四街店', '三津汤包坪山店', '三津汤包（联布北路）', '三津汤包深圳西田店', '三津汤包深圳罗中路店', '三津汤包深圳马田店', '深圳三津汤包坪洲店', '三津汤包深圳恩上路店', '三津汤包深圳太白路店', '三津汤包卓越时代广场店', '大和三津汤包', '深圳市宝安区强哥三津汤包铺', '三津汤包横岗店', '三津汤包深圳TCL图际E城店', '三津汤包深圳麓园店', '三津汤包深圳坤宜福苑店', '深圳市福田区兴宗发三津汤包店', '三津汤包颂德店', '三津汤包深圳沙尾店', '三津汤包深圳郭吓店', '三津汤包深圳水围店', '三津汤包深圳铁岗店', '三津汤包深圳福园店', '三津汤包(将进路店)', '三津汤包忠信路店', '三津汤包中航天逸店', '三津汤包深圳诺德假日3498店', '三津汤包石山岭店', '三津汤包观光店', '深圳龙华区龙记三津汤包店', '三津汤包深圳市洪浪北店', '三津汤包(爱国路店)', '三津汤包深圳罗湖广深店', '三津汤包深圳下围新村店', '三津汤包沙嘴店', '三津汤包深圳福强路店', '三津汤包1号店', '三津汤包深圳兴业华庭店', '三津汤包白石龙店', '深圳市龙华区龙华街道爱萍三津汤包店', '三津汤包深圳八卦岭店', '三津汤包新沙店', '德政路三津汤包店', '三津汤包光前村店', '三津汤包景田北店', '深圳市龙华区小陈三津汤包店', '深圳市龙华区木阳三津汤包店', '三津汤包南园村店', '深圳市盐田区三津汤包早餐店', '三津汤包海语山林店', '三津汤包(田贝店)', '三津汤包深圳中建花园店', '三津汤包深圳豪方菁园店', '三津汤包松坪山', '三津汤包观澜天虹店', '三津汤包深圳新安店', '三津汤包深圳福永新田店', '三津汤包深圳玉泉路店', '三津汤包深圳保税区店', '三津汤包环城北路店', '深圳三津汤包莲塘店', '深圳市坪山区仁顺三津汤包店', '三津汤包深圳松河瑞园店', '三津汤包深圳九翔岭店', '深圳市罗湖区方爱国三津汤包店', '深圳市南山区三津汤包店', '深圳市三津汤包学府路店', '三津汤包深圳罗湖店', '三津汤包和平路北店', '三津汤包（缔馨园店）', '三津汤包深圳孖岭路店', '三津汤包深圳和平路店', '三津汤包深圳华盛路店', '深圳三津汤包大三村店', '三津汤包兴东店', '三津汤包深圳中南店', '三津汤包保税店', '三津汤包大冲分店', '三津汤包圳头店', '三津汤包深圳荔园店', '三津汤包后海店', '三津汤包南园路店', '三津汤包盛华大夏店', '三津汤包君临天下店', '三津汤包盐田店', '三津汤包深圳立新路店', '深圳新洲三津汤包店', '深圳市三津汤包和平店', '三津汤包民治店', '三津汤包龙潭路店', '三津汤包-杨美店', '深圳市龙岗区黄姐三津汤包惦', '深圳市三津汤包吉龙店', '深圳壹方中心三津汤包二号店', '深圳市龙华区爱玲三津汤包店', '三津汤包人人乐店', '三津汤包融湖店', '深圳市龙华区天曜三津汤包店', '三津汤包（东方皇宫店）', '三津汤包深圳葵涌店', '三津汤包牛始浦店', '深圳市宝安区三津汤包', '深圳市三津汤包登良店', '三津汤包创业花园店', '三津汤包深圳国威店', '三津汤包深圳岭南店', '三津汤包深圳坂田店', '三津汤包新围仔店', '三津汤包深圳怡景大厦店', '三津汤包固戍店', '三津汤包深圳红岭北店', '三津汤包平湖店', '三津汤包深圳福同路店', '三津汤包义学街店', '三津汤包（鹏飞路店）', '三津汤包布尾村店', '三津汤包深圳应人石路店', '三津汤包深圳航城店', '三津汤包深圳湖贝店', '三津汤包深圳新桥店', '三津汤包福保店', '三津汤包深圳黄金珠宝大厦店', '深圳市三津汤包工业八路店', '三津汤包福里店', '三津汤包（蛇口新街店）', '三津汤包旺塘店', '三津汤包凤岗店', '华晖瑞禧三津汤包店', '三津汤包（世纪汇店）', '三津汤包丨观澜店', '深圳市三津汤包前进公社店', '深圳市龙岗区龙岗街道三津汤包富民餐饮店', '三津汤包深圳珠宝园店', '三津汤包流塘店', '三津汤包草埔店', '小汪三津汤包店', '三津汤包深圳碧桂园店', '宝安区杨记三津汤包楼岗店', '三津汤包深圳凤凰大厦店', '三津汤包深圳后海店', '三津汤包深圳布吉店', '三津汤包昊龙华庭', '大东城三津汤包', '三津汤包（木古店）', '三津汤包深圳人民北路店', '三津汤包（洪平店）', '三津汤包金碧路店', '金御雅园三津汤包餐饮店', '深圳市龙华区小涛三津汤包餐饮店', '三津汤包大冲店', '三津汤包1店', '深圳市三津汤包大窝店', '三津汤包南山店', '三津汤包江边旧区店', '三津汤包宏兴苑店', '三津汤包深圳福田店', '三津汤包嘉御豪园店', '深圳市福田区文海三津汤包店', '三津汤包龙华中学店', '三津汤包七街', '深圳市三津汤包南油店', '三津汤包横岭店', '三津汤包茶光村店', '三津汤包深圳市平吉大道店', '三津汤包上星店', '三津汤包深圳茂业城店', '三津汤包深圳中央原著店', '三津汤包水贝店', '深圳宝安洋眉坑三津汤包店', '深圳市三津汤包四季春城店', '三津汤包文和友店', '三津汤包店华侨城', '三津汤包深圳龙湖·春江天玺店', '三津汤包-高新园店', '陈记三津汤包（登良店）', '三津汤包深圳星城店', '三津汤包Holle广场', '三津汤包深圳市福坑店', '三津汤包深圳东头店', '锦绣江南三津汤包店', '三津汤包阳光店', '三津汤包（梨园新村店）', '三津汤包深圳上合店', '三津汤包深圳龙岗四联店', '阿荣三津汤包', '三津汤包深圳丹竹头店', '三津汤包东源路店', '三津汤包丨同乐店', '深圳市龙华区大海三津汤包餐饮店', '黄姐三津汤包', '三津汤包深圳香轩路店', '三津汤包深圳宝能城店', '三津汤包信义锦绣花园店', '三津汤包梨园店3924', '深圳市三津汤包章阁店', '三津汤包（环田路店）', '三津汤包深圳坪山莹展路店', '三津汤包星河世纪店', '三津汤包南光店', '三津汤包大海沙店', '三津汤包福田泰然四路823店', '三津汤包深圳洪涛店', '三津汤包深圳陂新村店', '三津汤包深圳下李朗', '三津汤包深圳悦兴路店', '三津汤包楼岗店', '三津汤包深圳衙边店', '三津', '深圳市福田区文登三津汤包店', '三津汤包汤包水贝店', '三津汤包土洋店', '三津汤包深康分店', '三津汤包深圳石龙仔店', '三津汤包马安山店', '汤', '深圳市宝安区新安杨刚三津汤包店', '三津汤包深圳平湖店', '三津汤包深圳中交科技城店', '三津汤包深圳红花路店', '深圳三津汤包和平店', '三津汤包侨香', '三津汤包京南路店', '三津汤包深圳长兴店', '黎氏三津汤包店', '三津汤包深圳竹子林店', '三津汤包东莞长安店', '深圳市三津汤包平湖白虎头店', '白芒村三津汤包店', '三津汤包深圳市清龙路店', '三津汤包（燕罗店）', '三津汤包深圳市凤安店', '三津汤包深圳科兴科学园店', '深圳市龙华区贾记三津汤包店', '三津汤包建达路店', '深圳市三津汤包麒麟花园店', '三津汤包东海坊店', '三津汤包和秀西路店', '三津汤包深康店', '三津汤包竹子林店', '三津汤包永和路店', '三津汤包-官田店', '三津汤包深圳鹏兴花园店', '三津汤包华园店', '三津汤包新陂头店', '三津汤包西坑店', '三津汤包振中路店', '三津汤包锦华路店', '三津汤包-深圳南坑', '三津汤包（六约店）', '卓越誉珑三津汤包店丨沙井店', '三津汤包(新民裕民街店)', '三津汤包（原 早早鲜包）', '三津汤包星曜广场店', '深圳市龙岗区陈声华三津汤包', '三津汤包大望村店', '三津汤包深圳新阁店', '三津汤包深圳新健兴店', '龙华三津汤包西坑新村店', '正全三津汤包店', '三津汤包（登良店）', '三津汤包深圳雪象店', '汤包', '乐百家三津汤包', '三津汤包布吉中心花园店', '三津汤包深圳高新园店', '三津汤包深圳桥头社区店', '三津汤包高科工业园店', '三津汤包（梧岗路店）', '三津汤包丨新丰路店', '三津汤包龙光城店', '三津汤包（教育新村店）', '三津汤包长安店', '三津汤包建安路店', '深圳市弓村三津汤包', '三津汤包深圳龙湖店', '深圳市三津汤包碧桂园店', '三津汤包（田园居店）', '三津汤包深圳朱古石路店', '三津汤包（博美）', '三津汤包观荟店', '三津汤包光明店', '三津汤包25', '三津汤包（百事店）', '三津汤包(丹竹路店)', '三津汤包东雅路店', '三津汤包福安学校店', '三津汤包东莞裕兴路店', '沙新路三津汤包', '三津汤包珠江䑴舰店', '三津汤包丹竹头', '三津汤包锦厦新村店', '三津汤包荣超花园店', '三津汤包-红星店', '三津汤包（罗租路）', '三津汤包(平湖大街店)', '三津汤包宝沙一路店', '三津汤包友谊路店', '三津汤包沙井新二村店', '洲石路三津汤包', '三津汤包(宝安店)', '三津汤包新东店', '深圳市龙华区运秀三津汤包店', '深圳市宝安区专三津汤包', '三津汤包民丰路店', '三津汤包溪头市场店', '三津汤包皓月花园店', '三津汤包(宝龙店)', '三津汤包塘厦店', '三津汤包（云峰路店）', '北山道三津汤包', '三津汤包（大围店）', '三津汤包海滨路店', '三津汤包深圳融湖中心城店', '三津汤包深圳华强北店', '三津汤包老街地铁站店', '三津汤包惠州白石店', '三津汤包富通店', '三津汤包石岩店', '三津汤包深圳欢乐谷店', '三津汤包店', '三津汤包2', '三津汤包3', '三津半汤包', '三津汤包铺', '三津汤包1', 'I三津汤包', '三津I汤包', '老街地铁站B出口三津汤', '三津汤泡', '三津汤店', '天津汤包', '津味汤包', '津津汤包', '京津汤包', '三品汤包']"
245,韩宫宴,['韩宫宴']
246,TANING挞柠·手挞柠檬茶,"['ni', '挞柠', 'Ni', 'ning', 'ANNING', 'TANING手挞柠檬茶（沙井京基店）', '手咑柠檬茶']"
248,棒子桂林米粉,"['棒子桂林米粉', '桂林米粉', '棒子桂林米粉深圳松岗天虹店', '棒子桂林米粉深圳丹竹头店', '深圳市棒子桂林米粉', '深圳市南山区棒子桂林米粉店', '桂', '黑鼻子桂林米粉', '黑鼻子桂林米粉（新洲七街店）', '黑鼻子桂林米粉上围店', '黑鼻子桂林米粉（上沙店）', '桂林米粉店', '桂林人米粉', '深圳市宝安区松岗棒子米粉']"
249,川锦汇麻辣拌,"['川锦汇麻辣拌（深圳天利中央广场店）', '麻辣拌社']"
250,七欣天品蟹轩,"['轩', '七', '七.']"
252,茶之都,['品品香（东方茶都）']
253,小森林,"['小森林', '森', '森林', '小林', '小熊猫森林', '利达百货 小林', '国香茶业-小林', '产品：代步工具组合保险,被保险人：罗小林']"
254,第9味老上海馄饨,"['第9味老上海馄饨', '深圳第9味老上海馄饨学府路店', '第9味老上海馄饨（新浩E都店）', '第9味老上海馄饨（沙井店）', '第九味老上海馄饨', '第9味馄饨', '第九味老上海馄炖']"
255,和府捞面,"['和府捞面', '捞面', '和府捞面(深圳北站店)', '和府捞面(深圳卓越广场店)', '粤府捞面']"
256,霓裳茶舞,['霓裳茶舞']
257,蛙喔,"['深圳后浪新天地蛙喔', '深圳蛇口花园城蛙喔']"
259,江渔儿,"['江渔儿', '深圳市龙华区江渔儿酸菜鱼店', '深圳市江渔儿酸菜鱼', '江渔儿酸菜鱼（观澜店）', '江', '江渔儿酸菜鱼专门店', '江渔儿酸菜鱼（大浪纷享城店）']"
260,张新发槟榔,"['新发', '槟榔', '张新发槟榔深圳西丽店', '待AA张新发槟榔确认收款', '发', '深圳市新发槟榔贸易有限公司']"
261,季季红火锅,"['红', '红火', '红🔥', '✨红✨']"
262,粒上皇,"['粒上皇', '广州粒上皇食品有限公司', '广东粒上皇商贸有限公司深圳南山分公司', '广东深圳粒上皇', '粒上皇（百鸽笼店）', '老字号粒上皇板栗', '粒上皇(深圳西丽店)', '粒上皇(深圳龙华苹果园店)']"
263,盛香亭新式热卤,"['盛香亭', '盛', '深圳市盛香亭新式热卤嘉域小吃店', '亭', '热卤串']"
264,简朴寨,"['简朴寨', '简', '平淡 ※ 简朴']"
265,刘一锅筋头巴脑,"['刘', '刘一']"
266,螺公堂,"['螺公堂', '螺公堂螺蛳粉店', '螺公堂深圳沙井京基百纳店', '公']"
267,九街淑芬掌中宝串串,"['中    中', '串不串']"
268,广隆蛋挞王,"['广隆蛋挞王', '广', '深圳市广隆蛋挞王', '广隆蛋挞王深圳步涌店', '广隆蛋挞王 燕罗店', '广隆蛋挞王万科星城店', '广隆蛋挞王（横岗头店）', '东莞广隆蛋挞王', '广隆蛋挞店（下村店）']"
269,胃口福,"['胃口福', '胃口福（深圳801市场店）', '早阳胃口福水贝店', '胃口福（深圳南山771店）', '胃口福（康桥肉菜市场588店）']"
270,县菜爷金丝牛肉饼,['金丝牛肉饼']
271,魏家凉皮,"['凉皮', '皮', '凉']"
272,甘食记,"['甘食记', '甘食记深圳皇庭店', '甘食记成都肥肠粉（壹方城店）', '甘食记深圳华强北茂业天地店', '深圳市甘食记成都肥肠粉壹方城店', '甘食记豪都商贸店', '甘食记深圳南山茂业店', '甘食记/王春春鸡汤饭', '甘食记成都肥肠粉', '甘食记·成都肥肠粉（皇庭广场店）']"
273,慕茶,"['慕茶', '慕茶深圳沙井大王山店', '慕茶(清平古墟店)', '美佳慕茶店', '慕茶露营地', '慕茶深圳光明马田店', '深圳市慕茶奶茶店', '慕茶（罗田店）', '慕茶（果粒城店）', '慕茶深圳沙井店', '慕茶（沙井沙三店）']"
276,奶茶先生,"['烤奶先生', '果茶先生']"
277,阿水大杯茶,['阿水']
279,菊花开手撕藤椒鸡,"['菊', '开 开']"
280,朱小小螺蛳粉,"['螺蛳粉', '朱', '小小', '小周螺蛳粉']"
281,包原味,"['包原味', '原味']"
282,月枫堂,['月']
283,泸溪河桃酥,"['泸溪河桃酥PASTRY', '泸溪河桃酥 PASTRY', '河', '桃酥']"
284,小菜园,"['小菜园生鲜超市', '安徽小菜园餐饮管理有限责任公司', '家门口的小菜园', '湘界小菜园', '小菜园大运店', '深圳市龙岗区小菜园生活超市', '小菜园新徽菜（深圳天河城店）', '小菜园深圳龙岗万达店', '小菜园新徽菜（深圳南山太子广场店）', '深圳市福田区幸福源小吃小菜', '罗爸爸猪油炒小菜', '深圳市罗爸爸猪油炒小菜']"
285,啊一柠檬茶,"['啊一柠檬茶', '啊一柠檬茶（深圳南山店）', '龙一柠檬茶', '一杯柠檬茶', '姚一姚柠檬茶']"
289,乡村基,"['广东乡村基餐饮管理有限公司', '湘识小乡村']"
290,咖世家咖啡Costa Coffee,"['COSTA', 'GhostCoffee', 'Avgcoffee', 'T97coffee']"
291,快乐小羊,"['快乐小羊', '快乐小羊火锅店', '快乐小屋']"
292,粤饺皇,"['粤饺皇', '粤饺皇（润科华府店）', '粤饺皇（万科星城店）', '粤饺皇（沙头角店）', '粤饺皇（壹方城店）', '粤饺皇(阳光城市店 )', '粤饺皇（碧海湾店）', '粤饺皇（新彩苑店）', '粤饺皇（深圳光明区凤凰城店）', '粤饺皇（志健时代店）', '粤饺皇（龙海家园店）']"
293,汤姆大叔,['大叔']
294,厨嫂当家,"['厨嫂当家', '厨嫂当家南同店', '厨嫂当家深圳竹坑店', '深圳市宝安区松岗厨嫂当家餐厅', '厨嫂当家深圳布吉健康花园店', '厨嫂当家深圳龙岗宝龙店', '深圳市厨嫂当家餐饮运营管理有限公司', '厨嫂当家深圳坂田杨美店', '厨嫂当家深圳布吉上水径店', '厨嫂当家(石龙仔店)', '厨嫂当家(石岩店)', '厨嫂当家深圳光明玉塘店', '厨嫂当家深圳龙岗李朗店', '湘情厨嫂当家餐厅', '厨嫂当家深圳公明下村店', '厨嫂当家鹤洲店', '厨嫂当家深圳宝安黄田店', '深圳市宝安区新安兴业厨嫂当家土菜馆', '厨嫂当家（横岗店）', '厨嫂当家深圳坪山石井店', '厨嫂当家上南店', '厨嫂当家葵涌店', '厨嫂当家（五和店）', '厨嫂当家深圳宝安兴东店', '马田街道厨嫂当家餐饮店', '深圳市厨嫂当家坪地店', '厨嫂当家(民治店)', '厨嫂当家大王山店', '厨嫂当家（光明店）', '厨嫂当家（鹤洲店）', '厨嫂当家深圳碧海湾店', '厨嫂当家明月花都店', '厨嫂当家深圳福永福围店', '厨嫂当家小铺', '厨嫂当家自选快餐', '厨嫂当家（坪山坑梓店）', '深圳市厨嫂当家坑梓店', '深圳市光明新区新湖厨嫂当家酒楼', '惠州市惠阳区秋长厨嫂当家饭店', '厨嫂当家和龙华油松店', '厨嫂当家餐饮店', '深圳湘厨当家', '厨艺当家', '小厨当家']"
296,桃子小姐,"['桃子', '木子小姐']"
297,包道,"['包道', '古方包道1', '绿点包道', '包道深圳松岗红星店', '包道广式点心松柏路店', '緑點包道', '包道蛇口店', '包道BAOTOP', '包道（深圳福永店）', '包道（深圳西乡店）', '包道（深圳龙岗万科公园里店）', '包道（深圳福田梅东二路店）', '包道广式点心专门店(新洲店)', '包道（深圳华富市场店）', '包道（深圳宝安碧海湾店）', '包道（深圳翠岗西路店）', '包道（深圳龙岗鸿进花园店）', '包道（深圳松岗店）', '包道（深圳观澜店）', '包道（深圳前海路店）', '包道广式点心专门店(福星路店)', '包道广式点心', '包道（深圳沙井万科星城店）', '包道广式点心专门店(万科公园里店)', '包道广式点心专门店(深圳福永店)', '包道广式点心专门店(振业店)', '包道（深圳壹成中心11区店）', '缘點包道', '包道广式点心专门店(白石洲店)', '包道（惠州大亚湾东联市场店）', '包道广式点心专门店(梅东二路店)']"
298,探炉,"['探炉', '探炉喜荟城分店', '探炉深圳龙岗天光城店', '探炉烤鱼（西丽宝能店）', '探炉缤果空间店', '探炉东海分店', '深圳市松岗探炉餐厅有限公司', '探炉深圳红山6979店', '探炉中山港口万民汇店', '探炉深圳龙岗百瑞达店', '元气探炉鸡煲']"
299,食其家,"['食其家', '其', '晓晓美食家', '一扫光零食家', '深圳市迭戈灯塔餐饮管理有限公司万象食家', '悠乐蛋糕Delicake（深圳万象食家）']"
300,太哼冰室,"['太哼冰室', '太哼冰室（蛇口店）', '太哼冰室（平湖天虹店）', '太哼冰室（新生龙凤店）', '太哼冰室（南山科创店）', '太啍冰室', '太華冰室', '太华冰室']"
301,姚姚酸菜鱼,"['姚姚酸菜鱼', '姚', '姚姚酸菜鱼绿景虹湾店', '姚姚酸菜鱼(龙岗cocopark店)', '姚姚酸菜鱼(龙岗天安云谷店)', '姚……']"
302,熊大爷,"['熊大爷', '熊大爷现包饺子馆', '熊大爷现包饺子（万科云城店）', '熊大爷会员', '熊大爷鲜饺深圳龙华老兵店', '熊', '熊大', '熊大爷现包饺子(大食代宝安机场店)']"
303,仙隐小鹿日式料理,"['小鹿', '仙隐小鹿', '日式料理', '隐', '日式料理2', '小草日式料理']"
304,鑫栗王,"['鑫', '鑫\ue7dd']"
305,我是酸奶君,"['我是酸奶君', '我', '君', '我是酸奶君（壹方城店）', '我是酸奶君（龙岗中心F-TOWN店）', '我是酸奶君（kk mall店）', '我是酸奶君红山六九七九店', '我是酸奶君福永天虹店', '我是酸奶君（海月店）', '酸奶君', '我是酸奶君生态园店', '我是酸奶君滢水店', '我是酸奶君后瑞地铁站店']"
306,采蝶轩面包店,['包子店']
307,兴粮品,"['兴粮品', '兴粮品汤包', '深圳兴粮品汤包', '兴粮品汤包深圳科苑北路店', '深圳市兴粮品汤包', '兴粮品汤包深圳上合店', '兴粮品汤包深圳花半里店', '兴粮品汤包深圳龙岗店', '兴粮品包子店', '兴粮品新鲜菜包', '兴粮品汤包店', '兴粮品汤包石厦店丨福田店', '兴粮品深圳大浪店', '兴粮品汤包深圳河背村店', '兴粮品深圳大洋店', '兴粮品汤包丨塘尾二十四区店', '兴粮品深圳马田店', '兴粮品汤包（朝阳店）', '福田兴粮品汤包', '深圳沙尾兴粮品汤包', '兴粮品汤包深圳金坑山庄店', '兴粮品汤包上沙店', '兴粮品南大门店', '深圳市兴粮品', '深圳兴粮品汤包龙胜店', '兴粮品汤包白石厦店', '兴粮品汤包深圳龙腾店', '兴粮品汤包深圳和平店', '龙悦居店兴粮品汤包', '兴粮品塘朗宝能城店', '兴粮品汤包（塘水围店）', '兴粮品汤包深圳福彩店', '兴粮品汤包深圳福围店', '兴粮品汤包深圳芙蓉店', '兴粮品汤包深圳罗湖村店', '兴粮品汤包深圳松园店', '兴粮品汤包深圳应人石店', '兴粮品汤包深圳樟坑店', '兴粮品汤包象角塘店', '深圳市龙华区六点半兴粮品汤包店', '兴粮品汤包深圳桃园路店', '深圳市龙岗区坂田兴粮品汤包店', '兴粮品汤包（金湖湾店）', '兴粮品汤包五矿店', '兴粮品汤包（官方旗舰店）', '兴粮品汤包深圳福永花苑店', '深圳兴粮品汤包马蹄山店', '兴粮品汤包深圳步涌店', '深圳市兴粮品实业有限公司', '兴粮品华南西苑店', '深圳市兴粮品汤包沙井店', '兴粮品包子深圳合水口店', '兴粮品汤包深圳启迪店', '兴粮品汤包深圳共和店', '兴粮品汤包深圳宝龙创维店', '塘厦石鼓岭南兴粮品', '兴粮品汤包深圳市南山店', '兴粮品肠粉店', '兴粮品汤包麻堪村店', '兴粮品汤包深圳市罗湖区翠山路店', '兴粮品汤包江背店', '兴粮品汤包清湖店', '兴粮品汤包深圳光明店', '兴粮品汤包(西海湾店)', '兴粮品汤包深圳盛平店', '粮', '深圳市宝安区新桥街道秋兴粮品汤包店', '深圳市龙岗区兴粮品汤包', '兴粮品汤包深圳鸿祥店', '兴粮品汤包深圳市公园大地店', '兴粮品总店', '兴粮品汤包深圳大浪店', '兴粮品汤包凤凰路店', '兴粮品黄麻布店', '兴', '兴粮品一分店', '兴粮品汤包k\u2006j\u2006y', '天颂雅苑兴粮品汤包店', '兴粮品深圳玉律店', '兴粮品汤包（自营旗舰店）', '兴粮品汤包深圳南坡店', '兴粮品汤包凤凰东区店', '兴粮品汤包深圳滨河店', '兴粮品汤包（金穗花园店）', '兴粮品汤包深圳大鹏店', '兴粮品88', '兴粮品汤包西田路01', '兴粮品汤包深圳华侨新村店', '大芬兴传兴粮品汤包', '兴粮品汤']"
309,茶满满,"['茶满满', '满满']"
310,摩提工房,['上海摩提工房食品有限公司']
311,绿茵阁,"['绿茵阁小区', '深圳市赛格物业发展有限公司绿茵阁管理处']"
313,天下共享炸串坊,['[共享]']
314,蓝山咖啡,"['蓝', '蓝山瑰夏咖啡', '山池咖啡', '顶山咖啡', '山森咖啡']"
315,苏阁鲜茶,['苏']
316,蜜城之恋,['恋']
317,禾绿回转寿司,"['禾绿回转寿司(星河WORLD·COCO Park分店)', '禾绿回转寿司(龙岗万科广场店)', '禾绿回转寿司(福田cocopark店)', '禾绿回转寿司(海雅缤纷城分店)', '禾绿回转寿司(中心书城分店)', '禾绿回转寿司(东海缤纷天地店)', '禾绿回转寿司(海航城分店)', '禾绿寿司', '寿司店', '寿司大', '寿司郎']"
318,老乡鸡,"['老乡鸡', '老乡鸡(深圳宝安机场店)', '老乡鸡（深圳前海卓越店）', '老乡鸡(深圳汉京中心店)', '老乡鸡(深圳深业上城店)', '老乡鸡(深圳卓悦汇店)', '深圳市宝安区福海街道老乡鸡蛋行', '老乡鸡(深圳halo广场店)', '待老潘老乡鸡卓悦中心确认收款', '老乡鸡(深圳后海卓悦店)']"
320,炳记饺子云吞,['炳']
321,黄氏许牛奶甜品,"['黄氏许牛奶甜品专家', '黄氏水牛奶甜品', '黄氏牛奶养生甜品', '黄氏正轩牛奶甜品专家']"
322,康师傅私房牛肉面,"['康师傅私房牛肉面', '私房牛肉面', '牛肉面', '康师傅', '康师傅私房牛肉面(深圳北站A区)', '康', '牛肉拉面', '牛肉粉面', '牛肉板面', '牛肉面馆', '私房牛肉面馆', '康师傅 香辣牛肉面']"
323,外婆婆小碗菜,['外婆婆小碗菜']
324,蒸浏记,"['蒸浏记', '蒸浏记浏阳蒸菜', '蒸浏记小刘慢走']"
325,一手店,"['深圳一手店', '牛一手店铺', '艾鲜汇生活馆一店', '正宗东北朝鲜族打糕一店', '的士快餐一店', '吉利粿铺机场一店', '潮汕卤水中式快餐玉翠新村一店', '合家乐园深圳和一店', '惠丰隆自选快餐深圳蚝一店', '泰华烧腊茶餐厅（翠竹一店）', '酥小贡松岗东方大村一店', '翠华餐厅（宝安机场一店）', '老宏兴一店', '永和快餐石龙一店', '品顺坊（清湖一店）', '酥小贡中式糕点（布吉一店）', '永和中式快餐和一店', '麦轩蛋糕一店', '芋圆堂一店', '皇冠蛋糕一店', '丁记烩面（罗湖一店）', '兄弟面馆深圳和一店', '欧诗特服饰和一店', '优果坊深圳市和一店', '品顺坊（龙胜一店）', '重庆小面深圳和一店', '味道功夫城市快餐深圳和一店', '永和快餐九祥岭一店', '以纯服装南山一店', '栖头鸭（沙井和一店）', '葵发便利一店', '便利鲜屋深圳市顺发一店', '回家乡大浪玄一店', '个体杨晓彬工厂食堂深圳和一店', '上海老栈连城一店', '露丝卡文·世界冠军面包深圳金一店', '深圳市康之源医药有限公司塘下涌一店', '河南小油条深圳和一店', '李阿姨重庆面馆阳光城一店', '稻香包点一店', '深圳市保民安大药房有限公司观澜一店', '果然鲜盐田一店', '茂名烧腊深圳和一店', '银霞东北饺子馆深圳和一店', '美易佳深圳沙一店', '胖姐手工炸串深圳沙一店', '清真兰州拉面深圳和一店', '谭记烧腊蚝一店', '米粒聚点坪地一店', '正宗隆江猪脚饭一店', '锦记隆江猪脚饭和一店', '湘粤木桶饭深圳沙一店', '渔夫传说（和一店）', '湘里大厨和一店', '大参林和一店', '湘厨老味(福永一店)', '何止料理（太子路一店）', '怡然川香石锅鱼深圳和一店', '漫卷茶风（沙一店）', '广安利连锁龙新一店', '口袋馍深圳沙一店', '凯迪文森坪山一店', '湘粤小碗菜深圳和一店', '成都冒菜深圳和一店', '添记砂锅粥猪肚鸡深圳和一店', '南北药行和一店', '银世之家深圳东门老街一店', '王牌猪脚饭（蚝一店）', '深圳市众人修脚观澜一店', '康乐足道深圳和一店', '五谷馍坊深圳沙一店', '便利店万科星辰一店', '凯迪文森松岗一店', '潮汕中式快餐深圳坪地一店', '广东发源地横岗一店', '广东发源地布吉一店', '蚝情烤吧（和一店）', '深圳市中原百货和一店', '深圳市龙岗区布吉六分之一店', '牛给力炭炉牛杂王（楼岗一店）', '江泰俱乐部和一店', '正章乾洗天颂菜鸟一店', '百分百感觉一店', '东莞市谐和百货一店', '深圳润之荟家居服饰专卖一店', '银世之家深圳海岸城一店', '中旗商业一店', '翠华餐厅深圳宝安机场一店', '梦拉深圳坑梓一店', '森马服饰大浪商业中心一店', '乡村烤鱼石锅鱼深圳和一店', '耳咚阁深圳和一店', '深圳大浪凯迪文森一店', '转角陆号沙一店', '诗曼芬特惠三十一店', '正宗四川卤菜深圳沙一店', 'DUSTO大东深圳五和一店', '深圳市nike服饰一店', '宅尚Ai智能便利店一店', 'Q派照相馆和一店', '广安利连锁同富一店', '深圳市龙岗区阳阳采耳养生馆一店', '上海全家福姓氏馆十一店', '脆皮飘香鸭一店', '银世之家深圳西乡街一店', '重庆留一手', '羊汤烩面深圳和一店', '旺站深圳澳门新村一店', '吅镜眼镜一店', '雅诗迪观澜一店', '诗曼芬特惠二十一店', '维客佳沙一店', '花拾光服饰深圳一店', '鸿福百货(水斗一店)', '萨瓦迪卡护肤造型布吉一店', '零食第一店', '深圳市福田区潮德旺鱼仔一店', '陈记原味汤粉王（沙一店）', '深圳市靓袜坊一店', '三合宠物医院深圳和一店', '24h现炒快餐小炒丨长龙一店', '潮汕卤水城市快餐玉翠新村一店', '顶尖美业五十一店', '福田口岸一店', '深圳市米兔文化交流教育咨询有限公司一店', '金足道足浴深圳市高坳一店', '诗曼芬特惠七十一店', '岗厦东一店', '越香包点深圳和一店', '精品大肉铺一店', '欧莱雅深圳十一店', '欧莱雅深圳二十一店', '爽爽甜品(和一店)', '撸起袖子吧烧烤·烤鱼·小酒馆（松明一店）', '周黑鸭(深圳北站零售一店)', '3AM深圳一店', '阳光鼠特卖场一店', '本色国际一店', '天仙子推拿深圳和一店', '聚味园一店', '依佳服装店一店', '罗记赣湘快餐一店', '余哥猪肚鸡深圳和一店', '品有味万科云城一店', '华强电子世界(深圳一店)', '客天下网咖深圳应人石一店', '莲塘口岸一店', '名意女裤一店', '深圳市利记春发实业有限公司北站鲜屋便利一店', '天悦诊所-宝一店', '森马服饰大北路一店', '波记水煮鱼和一店', '京东便利店和一店', '永和快餐桥头一店', '科技生态园一店', '华润万家标超南区(梅一店)', '名丰商行雁田一店', '龙虾恋上鱼深圳和一店', '山葵烤肉（深圳一店）']"
326,遇见小面,"['遇见小面', '遇见小面-深圳', '遇见小面-储值', '遇见', '遇见小面-深圳2', '相遇小面', '初见小面', '遇茶见面', '渝见小面', '相遇小面（园岭店）', '相遇小面（佐阾1866店）', '相遇小面（新洲店）']"
327,大娘水饺,"['二大娘水饺景田店', '大郎水饺']"
328,金记猪肚鸡,"['张金记猪肚鸡', '猪肚鸡', '猪', '久记猪肚鸡', '庭记猪肚鸡', '华记猪肚鸡', '长记猪肚鸡', '罗记猪肚鸡', '诚记猪肚鸡', '张记猪肚鸡', '祥记猪肚鸡', '吴记猪肚鸡', '财记猪肚鸡', '伟记猪肚鸡', '金筷子猪肚鸡', '福锦记猪肚鸡', '福旺记猪肚鸡', '祥记猪肚鸡（西乡店）', '福记猪肚鸡汤饭深圳万悦城店', '深圳市福田区老王煌记猪肚鸡店', '罗记猪肚鸡石锅鱼纸包鱼', '深圳市伟记猪肚鸡玉律店', '彪记猪肚鸡（嘉宾东路店）', '华记猪肚鸡砂锅粥深圳沙井路店', '深圳市黄记猪肚鸡', '金牌猪肚鸡深圳罗湖店', '东记猪肚鸡（海城分店）', '上品皇记猪肚鸡（民治店）', '球记猪肚鸡（刘婉）', '深圳市龙岗区南湾福顺记猪肚鸡火锅', '旺记猪肚鸡（高科利店）', '煌记猪肚鸡（喜荟城店）', '龙鑫记猪肚鸡凤凰店', '深圳市坪山新区宏记猪肚鸡餐厅', '申记猪肚鸡·椰子鸡（珠光店）', '好强记猪肚鸡深圳五和店', '陆河丰记猪肚鸡南联店', '潮豪好友记猪肚鸡深圳沙头角店', '煌记猪肚鸡（水围店）', '福望记猪肚鸡椰子鸡', '煌记猪肚鸡（布吉店）', '刘记猪肚鸡石锅鱼餐饮店', '旺记猪肚鸡深圳深南中路店', '福鑫记猪肚鸡(桂芳园店)', '福鑫记猪肚鸡(龙岗中心城店)', '福鑫记猪肚鸡(红山6979店)']"
332,茶话弄,"['茶话弄（深圳皇庭广场店）', '茶话弄（深圳连城新天地店）']"
333,谷田稻香,['稻香']
335,猪角·闽南猪脚饭,"['猪脚饭', '南', '猪脚饭店', '猪角猪脚饭（深圳创维店）']"
336,东方饺子王,"['深圳市宝安区西乡东方饺子王', '方', '关东饺子王', '北方饺子王', '老北方饺子王', '旺角北方饺子王（新洲店）', '富旺角北方饺子王（梅林店）']"
337,裕鼎鲜,"['裕', '鼎']"
338,顺德火焰醉鹅,"['顺德火焰醉鹅', '顺德火焰醉鹅坊', '鹅来顺顺德火焰醉鹅', '火焰醉鹅', '顺', '顺德火焰醉鹅深圳双龙店', '顺德火焰醉鹅新桥分店', '龙记顺德火焰醉鹅']"
339,清心堂,"['清心堂', '清', '心', '心.']"
340,李与白包子,"['李与白包子铺（竹坑店）', '李与白包子铺（正大城店）', '白', '包子哥', '包子摊', '包子宴']"
341,满宝馄饨,['宝']
342,思必客,['思']
343,津品汤包,"['津品汤包', '深圳市津品汤包', '津品汤包深圳坪环店', '津品汤包深圳坪山店', '津品汤包深圳店', '深圳津品汤包（塘下涌店）', '津品汤包深圳共和店', '津品汤包久久红深圳市西丽店', '津品汤包（南园店）', '福鑫津品汤包', '向南路汉京山津品汤包店', '津品汤包深圳南山店', '津品汤包深圳布吉店', '津品汤包深圳宝安店', '津品汤包深圳学苑大道店', '津品汤包深圳港前路店', '津品汤包深圳海上世界店', '津品汤包南山村店', '深圳市津品汤包南光路店', '津品汤包深圳平安路店', '深圳市津品汤包桥头店', '津品汤包（楼村花园店）', '深圳市龙华区津品汤包君子布店', '津品汤包深圳龙华宝能店', '津品汤包光祖北路店', '津品汤包天瑞工业园店', '深圳市宝安区石岩街道朱记津品汤包店', '津品汤包深圳鹤洲店', '津品汤包深圳悦和路店', '津品汤包深圳航城路店', '深圳津品汤包固戍店', '津品汤包大浪店', '津品汤包深圳学府路店', '深圳市宝安区百记津品汤包店', '深圳津品汤包怀德店', '深圳市宝安区阿连津品汤包店', '津品汤包丨坪山坑梓店', '津品汤包龙华店', '深圳市宝安区南记津品汤包店', '津品汤包深圳勋业街店', '津品汤包深圳兴海购物广场店', '津品汤包石磨肠粉月亮湾店', '深圳市南山区津品汤包', '塘水围津品汤包', '津品汤包（金汐府店)', '三洋湖津品汤包', '津品汤包深圳富源居店', '深圳市坪山区朱超凡津品汤包店', '津品汤包深圳塘水围村', '深圳市津品汤包吉祥店', '津品汤包马安山店', '深圳津品汤包', '津品汤包深圳步涌店', '津品汤包老围店', '（戴利麟汤包店）津品汤包', '津品汤包固成店', '津品汤包深圳市光明区', '津品汤包新沙店', '深圳市宝安区小月津品汤包店', '刘记津品汤包店', '深圳市津品汤包长春中路店', '津品汤包，福永店', '津品汤包民福路店', '津品汤包(三洋湖店)', '结红津品汤包', '津品汤包(晨光路店)', '深圳市龙岗王火华津品汤包小吃店', '杨生津品汤包', '津品汤包（五联科研路店）', '津品汤包莲塘工业园', '大洋路津品汤包', '津品汤包重庆小面肠粉', '深圳市罗湖区超哥津品汤包店', '津品汤包南坑村店', '津品汤包1', '津品汤包子', '津品汤', '深圳市天津汤包', '粮品汤包', '精品汤包', '尚品汤包', '品尚汤包', '蒸品汤包', '忆品汤包', '鲜品汤包', '品鲜汤包', '品轩汤包']"
346,蟹煲王,"['稚味1号肉蟹煲', '巴啦嘴肉蟹煲', '老船长肉蟹煲', '爪八戈肉蟹煲', '蜀味虾蟹煲']"
347,Tims咖啡,"['Tim', 'Ms', 'MOS咖啡']"
350,霸蛮牛肉粉,['牛肉粉']
351,辣食尚,['食尚']
352,星伦多海鲜自助餐厅,"['自助餐厅', '自助餐', '领鲜海鲜自助餐厅']"
353,姜虎东白丁烤肉,"['姜', '姜虎东白丁']"
354,大米先生,"['大米先生', '大米先生中式简餐', '大米先生红银路店', '大米先生平湖店', '大米先生大唐店', '大米先生(中科纳能大厦店)', '大米先生(博今国际店)', '大米先生(汇邦中心店)', '大米先生(同泰时代广场店)', '大米先生(丰盛町店)', '大米先生(龙岗万科广场店)', '大米先生(龙华壹方天地店)', '大米先生(海雅缤纷城店)', '大米先生(万科云城店)', '大米先生(地王大厦店)', '待大米先生确认收款', '大米先生(创维大厦店)', '米饭先生', '大饼先生', '米范先生', '大山先生', '大碗先生']"
356,森林子,"['森林子', 'SUNLTH森林子', '森林子（福田沙尾店）', 'SUNLTH森林子（布吉店）', 'SUNLTH森林子（大浪店）', 'SUNLTH森林子（科技园店）', 'SUNLTH森林子（深圳洪浪北店）', 'SUNLTH森林子（皇庭广场店）', 'SUNLTH森林子（坂田北店）', '林子', 'SUNLTH森林子（东门太阳广场店）', 'SUNLTH森林子（坪洲店）', 'SUNLTH森林子（深圳水围店）', 'SUNLTH森林子（宝安固戍店）', 'SUNLTH森林子(深圳来福士店)', 'SUNLTH森林子（cocopark店）', 'SUNLTH森林子（民治百易广场店）', 'SUNLTH森林子(水贝IBC店)', 'SUNLTH森林子（万科云城店）', 'SUNLTH森林子（福田宝树台店）', '森林电子', '沙井沃尔玛淘气森林', '周道冷冻森林', '深圳市光明区桃气森林']"
357,小柒对·粉面卤,['柒']
358,鱼拿酸菜鱼,"['鱼拿酸菜鱼', '鱼拿酸菜鱼光明店', '鱼拿酸菜鱼白石洲店', '鱼拿酸菜鱼深圳华南城店', '鱼拿酸菜鱼（龙华福景店）', '鱼拿酸菜鱼（福海店）', '鱼拿酸菜鱼宝安固戍店', '鱼拿酸菜鱼灵芝店', '鱼拿酸菜鱼（地王店）', '鱼拿酸菜鱼（沙井店）', '鱼拿酸菜鱼（鱼拿酸菜鱼科兴店）', '鱼拿酸菜鱼（丹竹头店）', '鱼拿酸菜鱼米饭', '鱼你酸菜鱼', '鱼悦酸菜鱼', '鱼腾阁酸菜鱼', '小鱼号酸菜鱼', '俏鱼郎酸菜鱼', '江鱼儿酸菜鱼', '渔语鱼酸菜鱼专门店', '爱鱼者酸菜鱼店（邦凯城店）', '深圳市龙华区爱上你的鱼酸菜鱼餐厅', '渔语鱼酸菜鱼专门店-欢乐港湾店', '渔语鱼酸菜鱼专门店-深业上城店', '深圳市龙华区慕鱼湾酸菜鱼店', '慕鱼湾酸菜鱼深圳龙华街店', '渔语鱼酸菜鱼专门店-中心书城店', '渔语鱼酸菜鱼专门店-深业东岭', '渔语鱼酸菜鱼专门店-中洲湾店', '渔语鱼酸菜鱼专门店-万象食家店', '渔语鱼酸菜鱼专门店-欢乐海岸店', '渔语鱼酸菜鱼专门店-天河城店', '渔语鱼酸菜鱼专门店-福城天虹店', '渔语鱼酸菜鱼专门店-红山6979店', '渔语鱼酸菜鱼专门店-卓悦中心店', '渔语鱼酸菜鱼专门店-中航店', '鱼道酸菜鱼深圳银湖分店', '渔语鱼酸菜鱼专门店-万科店', '渔语鱼酸菜鱼专门店-方大广场店', '渔语鱼酸菜鱼专门店-壹海城店', '渔语鱼酸菜鱼专门店-万象汇店', '渔语鱼酸菜鱼专门店-天安云谷', '渔语鱼酸菜鱼专门店-万象城三期店', '食鱼客酸菜鱼炸酱面深圳田寮店', '渔语鱼酸菜鱼专门店-万象天地店', '爱鱼者酸菜鱼（阳光海景店）', '深圳市宝安区沙井街道爱鱼者酸菜鱼饭店', '唆鱼酸菜鱼烤鱼（东门町一楼店）', '深圳鱼你酸菜鱼店']"
359,春妮馅饼,"['春', '--春--']"
360,洪小拳,['洪']
361,东方肥牛王,"['牛王庙', '牛杂王', '牛魔王']"
362,丰茂烤串,"['丰茂烤串', '茂', '烤串']"
363,合兴发茶冰室,"['合兴', '茶饭冰室']"
364,阿慧石磨坊,"['阿慧石磨坊', '石磨坊', '阿慧石磨坊樟坑店', '阿慧石磨坊深圳东龙店', '阿慧石磨坊广州新墩路店', '石磨', '阿慧石磨坊马蹄山店', '慧', '阿慧', '阿慧石磨坊(宝安裕安市场店)', '阿慧石墨坊', '阿惠石磨坊']"
365,包司令,['令']
366,一绪寿喜烧,"['一绪寿喜烧', '一绪寿喜烧中航城店']"
367,刘福记桂林米粉,"['刘福记桂林米粉深圳坪山大道店', '福记', '刘福记欣玲桂林米粉', '强记桂林米粉', '蔡记桂林米粉', '龙记桂林米粉', '阳记桂林米粉', '福星桂林米粉', '于记桂林米粉', '龍记桂林米粉', '周记桂林米粉', '陈记桂林米粉', '陆福桂林米粉', '宗记桂林米粉', '喵福桂林米粉', '韦记桂林米粉', '发记桂林米粉', '漓记桂林米粉', '发记桂林米粉店', '金记桂林米粉店', '龙记桂林米粉店', '福旺桂林米粉店', '汤记桂林米粉店', '丘记 桂林米粉']"
368,小高米线,"['小高', '高']"
369,嘉旺餐饮,"['嘉旺', '深圳市嘉旺餐饮连锁有限公司', '餐饮', '嘉嘉旺餐饮店', '泽嘉餐饮', '旺康餐饮', '嘉旺饮食']"
370,舌尖上的嘿小面,"['嘿、嘿', '小面佬', '小厂面', '舌尖上的牛肉面']"
372,左庭右院,"['左', '广东省深圳市龙岗区左庭右院业主大会']"
373,挪瓦咖啡,"['挪瓦咖啡', 'NOWWA挪瓦咖啡', '壹茶到底•挪瓦咖啡（沙井店）']"
374,猪拉虎,"['猪拉虎', '猪拉虎（八号仓店）', '猪拉虎鸡扒吐司（壹方城店）', '猪拉虎鸡扒吐司（领展中心城店）', '猪拉虎炸鸡吐司（宝能环球汇店）', '猪拉虎创意吐司（悦方广场店）', '猪拉虎创意吐司（龙岗万科店）', '猪拉虎创意吐司（华润1234店）', '猪拉虎炸鸡吐司（勤诚达店）', '猪拉虎创意吐司（来福士店）', '猪拉虎创意吐司（益田假日店）', '猪拉虎炸鸡吐司（横岗天虹店）', '猪拉虎鸡扒吐司（罗湖水贝IBC店）', '猪拉虎创意吐司（西乡汇一城店）', '猪拉虎鸡扒吐司（华强北乐淘里店）', '猪拉虎创意吐司（光明中粮云景店）', '猪拉虎鸡扒吐司（永新汇店）', '猪拉虎现烤鸡腿三明治', '猪拉虎现烤鸡腿三明治（泰华梧桐岛店）', '猪拉虎（丰盛町店）', '猪拉虎炸鸡吐司（华南城万达店）', '猪拉虎创意土司', '猪拉虎（深圳福田平安金融店）']"
375,满分炸串,['满分炸串（深圳龙华保利悦都花园店）']
376,达美乐,"['达美乐', '深圳达美乐餐饮管理有限公司']"
377,嘎嘎鸭脑壳,"['嘎嘎', '深圳市宝安区享嘎嘎鸭脑壳餐厅']"
378,旬野菜,['旬野菜日式涮涮锅专门店']
379,啊爆柠檬茶,"['啊爆柠檬茶（大浪商业中心店）', '爆柠檬', '手爆柠檬茶', '阿爆柠檬茶', '爆打柠檬茶餐饮店']"
380,古老东方包子,"['古老东方包子店', '古老东方', '古老东方包子深圳宝安店', '古老东方小吃包子店']"
381,柠季,"['柠季', '柠季手打柠檬茶（宝能环球汇店）', '柠季手打柠檬茶（深圳海岸城保利店）', '柠季·手打柠檬茶（深圳大学城店）', '柠季·手打柠檬茶（深圳东门老街店）', '柠季·手打柠檬茶（深圳笋岗店）', '柠季·手打柠檬茶（深圳华强北店）', '柠季·手打柠檬茶（宝能环球汇店）', '柠季·手打柠檬茶（深圳星光城店）', '柠季·手打柠檬茶（东莞长安万达店）', '柠季·手打柠檬茶（深圳皇庭广场店）']"
382,荷田水铺,['荷田水铺（深圳宽新科技店）']
384,南门涮肉,['南门涮肉-老北京铜火锅(新安店)']
385,马记永兰州牛肉面,"['马记永', '兰州牛肉面', '兰', '马记永·兰州牛肉面(深圳西乡天虹店)', '马俊兰州牛肉拉面', '马云华兰州牛肉面', '蘭州牛肉面', '伊兰牛肉面', '兰州牛肉拉面', '马西兰州牛肉拉面店']"
386,霸碗盖码饭,"['霸碗盖码饭', '深圳市霸碗盖码饭', '霸碗盖码饭（深圳百泰广场店）', '霸碗盖码饭（深圳福年广场店）', '霸碗盖码饭（深圳梅林卓悦汇店）', '霸碗盖码饭（深圳坂田乐荟中心店）', '霸碗盖码饭（深圳凤凰大厦店）', '霸碗盖码饭（深圳鸿荣源壹方里店）', '霸碗盖码饭（深圳田厦金牛广场店）', '霸碗盖码饭（深圳壹方天地店）', '霸碗盖码饭（深圳卓越INTOWN店）', '霸碗盖码饭（深圳福田中心大厦店）', '霸碗盖码饭（深圳万科天誉店）', '霸碗盖码饭（深圳固戍华丰国际店）', '霸碗盖码饭（深圳中科纳能店）', '霸碗盖码饭（深圳宝能中心店）', '霸碗盖码饭（深圳科兴店）', '霸碗盖码饭（深圳创益科技大厦店）', '霸碗盖码饭（深圳湾生态科技园店）', '深圳市霸碗盖码饭福田天安店', '霸碗盖码饭（深圳阳光高尔夫大厦店）', '霸碗盖码饭（深圳沙井名豪丽城店）', '霸碗盖码饭（鸿荣源壹方里店）', '霸碗盖码饭（福年广场店）', '霸碗盖码饭（深圳海岸城店）', '霸碗盖码饭（深圳西丽益田店）', '霸碗盖码饭（深圳枢纽中心店）', '霸碗盖码饭（星河cocopark店）', '霸碗盖码饭（深圳天安云谷店）', '霸碗盖码饭（深圳黄贝岭店）', '霸碗盖码饭（梅林卓悦汇店）', '霸碗盖码饭（深圳西乡智慧城店）', '霸碗盖码饭（深圳金地龙城中央店）', '霸碗盖码饭（深圳水贝IBC店）', '霸碗盖码饭（深圳观澜富士康店）', '霸碗盖码饭（金牛广场店）', '霸碗盖码饭（科兴店）', '霸碗盖码饭（深圳创智云城店）', '霸碗盖码饭（香槟国际店）', '霸碗盖码饭（深圳龙光玖钻店）', '霸碗盖码饭（宝能中心店）', '霸碗盖码饭（深圳坂田百瑞达店）', '霸碗盖码饭（大浪商业中心店）', '霸碗盖码饭（深圳国贸店）', '霸碗盖码饭（凤凰大厦店）', '霸碗盖码饭（深圳天健创智中心店）', '霸碗盖码饭（深圳博今国际店）', '霸碗盖码饭（百瑞达店）', '霸碗盖码饭（天安云谷店）', '霸碗盖码饭（深圳福田天安店）', '霸碗盖码饭（深圳坪洲财富港店）', '霸碗盖码饭（明腾大厦店）', '霸碗盖码饭（深圳勤诚达K店）', '霸碗盖码饭（深圳平湖凤凰广场店）', '霸碗盖码饭（壹方天地店）', '霸碗盖码饭（中心商务大厦店）', '霸碗盖码饭（万科天誉店）', '霸碗盖码饭（枢纽中心店）', '霸碗盖码饭（中科纳能店）', '霸碗盖码饭（香缤国际店）', '霸碗盖码饭（深圳明腾大厦店）', '霸碗盖码饭（深圳星河cocopark店）', '霸碗盖码饭（深圳中粮商务公园店）', '霸碗盖码饭（星河店）', '霸碗盖码饭（深圳和中心店）', '霸碗盖码饭(清湖店)', '霸碗盖码饭（深圳固戌华丰国际店）', '霸碗盖码饭（深圳安吉尔店）', '霸碗盖码饭（深圳汇海广场店）', '霸碗盖码饭（益田假日里店）', '霸碗盖码饭（沙井名豪丽城店）', '霸碗盖码饭（深圳皇庭广场店）', '霸碗盖码饭（创智云诚店）', '霸碗盖码饭（深圳大浪商业中心店）', '霸碗盖码饭（观澜富士康店）', '霸碗盖码饭（深圳民治优城店）', '霸碗盖码饭（水贝IBC店）', '霸碗盖码饭（深圳中粮云景广场店）', '霸碗盖码饭（卓悦INTOWN店）', '霸碗盖码饭（皇庭广场店）', '霸碗盖码饭（天利名城店）', '霸碗盖码饭（中粮商务公园店）', '霸碗盖码饭（西乡智慧城店）', '霸碗盖码饭（天健创智中心店）', '霸碗盖码饭（龙光玖钻店）', '霸碗盖码饭（坂田百瑞达店）', '霸碗盖码饭（金地龙城中央店）', '霸碗盖码饭（深圳岗厦连城店）', '霸碗盖码饭（博今国际店）', '霸碗盖码饭（勤诚达店）', '霸碗盖码饭（安吉尔店）', '霸碗盖码饭（深圳福永智美汇志店）', '霸碗盖码饭（南山田厦店）', '霸碗盖码饭（民治优城店）']"
389,小杨生煎,"['小杨生煎 YANG S DUMPLING', '小杨', '杨生', '小杨生煎（深圳仁恒梦中心店）', '小杨生煎(深圳卓悦汇)', '小杨生煎(深圳华强北茂业)', '小杨生煎(深圳大仟里)']"
390,魔都三兄弟,"['魔都三兄弟', '弟']"
392,怂重庆火锅厂,"['怂重庆火锅厂', '怂', '重庆火锅', '重庆爽火锅', '重庆小火锅', '呆呆樂重庆火锅厂']"
394,格瑞思面包,"['瑞思', '面包屋', '面包里', '面包车', '面包多']"
395,乐凯撒披萨,"['乐凯撒披萨', '凯', '乐凯撒比萨']"
396,酥小蒙牛肉饼,"['小蒙', '酥小满牛肉饼', '酥小满牛肉饼店', '酥小满牛肉饼（新沙天虹店）', '酥小满牛肉饼（光明大仟里店）', '深圳市龙岗区酥小满牛肉饼店', '香酥牛肉饼']"
397,幸福侯彩擂,"['幸福侯彩擂', '彩', '深圳市宝安区福海幸福侯彩擂鸿桥餐厅', '幸福.侯彩擂自动售卖机贩卖机']"
400,小满茶田,"['小满', '小满茶']"
402,大家乐,"['大家乐', '华南大家乐', '七坊大家乐', '大家乐便利店', '广州大家乐食品实业有限公司', '大家乐便利店下沙八坊店', '铁岗大家乐', '金谷大家乐', '大家乐烧味一品（侨城店）', '家乐', '大家乐饭店深圳张屋店', '大家乐快餐', '大家乐鸡煲新秀店', '大家乐烧烤', '大家乐水族馆', '大家乐烧鹅', '大家乐(宝能太古城店)', '深圳市龙华区大家乐娱乐室', '大家乐(海雅缤纷城店)', '大家乐(来福士广场店)', '大家乐(海岸城店)', '大家乐(星河盛世店)', '大家乐(益田假日店)', '大家乐蔬菜店', '大家乐(福民佳园店)', '大家乐童装店', '大家乐(机场卫星厅)', '大家乐牛肉米线', '大家乐(连城新天地店)', '大家乐(东海店)', '大家乐生活超市', '大家乐(广富百货店)', '大新美家乐']"
403,同庆楼,['同庆楼']
404,谷连天,['连']
405,笼香汤包,"['笼香汤包', '深圳市笼香汤包', '深圳市宝安区笼香汤包包子店', '笼香汤包深圳松岗店', '笼香汤包碧头店', '市南山区桃源陈周圆笼香汤包店', '笼香汤包桂花店', '笼香汤包东莞黄江店', '笼香汤包景晖丽苑店', '深圳笼香汤包', '笼香汤包餐饮店', '笼香汤包坪山店', '笼香汤包石厦港店', '笼香汤包横岭新村店', '笼香汤包东莞天堂围店', '笼香汤包根竹园店', '深圳福瑞路笼香汤包', '飘香汤包', '麦香汤包', '露香汤包', '晨香汤包', '笼鲜汤包', '宠香汤包']"
406,可莎蜜兒,['莎']
407,云味馆,"['云味馆', '云南滇味馆']"
409,蜀都丰,['深圳市宝安区蜀都丰餐饮店']
410,阿叔猪扒包,"['阿叔猪扒包', '猪扒包', '三碗粉、澳门阿叔猪扒包']"
412,今度烘焙,['今日烘焙']
413,馍界传奇,"['馍界传奇', '馍界传奇天虹店']"
414,文通冰室,"['文通冰室', '文']"
415,禄鼎记,['禄记']
416,茶理宜世,['茶理宜世']
417,贻庆鸡爪,['鸡爪']
418,卤咖,"['卤咖', '宴问卤咖深圳福永花苑店', '宴问卤咖元分店', '惠州宴问卤咖']"
420,张拉拉兰州手撕牛肉面,"['张拉拉兰州手撕牛肉面深圳机场店', '手工牛肉面', '兰州手工牛肉面']"
421,雪冰,"['弥雪冰城', '蜜雪冰茶', '雪冰中航店']"
423,粮帮主,"['粮帮主', '粮帮主汤包', '粮帮主深圳宝安中心店', '深圳市南山区荣儿粮帮主水煎包店', '深圳市粮帮主', '粮帮主深圳和平店', '粮帮主中骏四季阳光店', '粮帮主水煎包', '粮帮主深圳宝雅苑店', '深圳市粮帮主同昌路店', '粮帮主深圳市比亚迪店', '粮帮主上川店', '深圳市宝安区新安街道粮帮主水煎包店']"
424,嘻游记,['嘻游记']
425,英歌魂,"['英', '英歌魂（下水径店）', '英歌魂（爱联店）', '英歌魂（凤凰路店）', '英歌魂（固戍店）', '深圳市罗湖区东门英歌魂茶饮店', '英歌魂（金世界百货店）', '英歌魂（五和地铁站店）', '英歌魂（上合店）', '英歌魂（岗头店）', '英歌魂（家乐福店）', '英歌魂（大芬店）', '英歌魂（坑梓店）', '英歌魂（壹海城店）', '英歌魂（光明蓝鲸世界店）', '英歌魂（沙井京基店）', '英歌魂（招商路店）', '英歌魂（白石洲店）', '英歌魂（IBC店）', '英歌魂（龙城禾田店）', '英歌魂（后浪新天地店）', '英歌魂（华强龙胜店）', '英歌魂（深职院店）', '英歌魂（上河坊店）', '英歌魂（壹城中心店）', '英歌魂（车公庙店）', '英歌魂（公明广场店）', '英歌魂（五和大道店）', '英歌魂（坪地店）', '英歌魂（草埔店）', '英歌魂（梅华店）', '英歌魂（西乡天虹店）']"
426,钟薛高,['钟']
427,Peet's Coffee,"['PeetsCoffee', 'S.coffee', '集星贸易商行-S', 'SEESCOFFEE', 'PeetsCoffee(深圳海雅缤纷城店)', 'PeetsCoffee(深圳平安金融中心店)', 'The PEAT Coffee', 'Time.is coffee', 'APEXONE COFFEE', 'INSPEED COFFEE', 'GeeCoffee', 'Per Se COFFEE朴时咖啡', 'PeetsCoffee(深圳万象城店)', 'PeetsCoffee(深圳中洲湾店)', 'PeetsCoffee(深圳卓悦汇店)']"
428,陈香贵,"['陈香贵', '陈', '深圳陈香贵餐饮管理有限公司', '陈香', '陈香贵·兰州牛肉面(深圳海岸城)', '陈香贵·蘭州牛肉面(深圳连城新天地店)']"
429,日日香鹅肉饭店,"['日日香鹅肉饭店', '饭店', '尚顶香鹅肉饭店']"
430,金光鸽王,"['金光鸽王（南山西丽店）', '金光鸽王（龙城广场店）', '金光鸽王（华侨城店）', '金光鸽王（龙华大浪店）', '金光鸽王（壹方天地店）', '金光鸽王（凯德店）', '金光鸽王（海上世界店）', '金光鸽王（华侨城大厦店）', '金光鸽王（福田店）']"
431,陶陶居,"['陶陶居酒家', '陶陶居深圳海岸城店', '陶陶居酒家（万象前海店）', '金牌陶陶居（万象天地店）', '陶陶居酒家（宝安壹方城店）', '陶陶', '待山东老家黄林（陶陶居月饼）确认收款', '深圳乐陶陶']"
432,同仁四季音乐主题餐厅,"['同仁四季', '同仁四季音乐主题餐厅（壹方城店）', '同仁四季音乐主题餐厅（罗湖国贸旗舰店）', '同仁四季音乐主题餐厅（万科里店）', '同仁四季音乐主题餐厅（中心城店）', '同仁四季音乐主题餐厅（南山LOFT店）', '同仁四季音乐主题餐厅（车公庙店）', '同仁四季音乐主题餐厅（海岸城保利店）', '同仁四季音乐主题餐厅（丹竹头店）', '椰荟四季音乐主题餐厅（华强北店）', '椰荟四季音乐主题餐厅大芬店']"
433,桃佰园灌汤包,"['桃园灌汤包', '桃佰园', '灌汤包', '桃香园灌汤包', '桃园灌汤包（建设集团店）', '桃园灌汤包（招商中环店）', '桃园灌汤包（佳园店）', '桃园灌汤包（坪山中心公馆店）', '灌汤鲜包', '桃园灌汤包（石厦店）', '桃园灌汤包（深业东岭店）', '桃园灌汤包（现代之窗店）', '桃园灌汤包(黄贝岭)', '桃源灌汤包', '福园灌汤包', '梨园灌汤包', '汤包店', '汤·包']"
435,蚝蚝先生,"['蚝蚝先生西丽宝能店', '蚝蚝先生蓝鲸店', '蚝蚝先生龙光玖钻店', '蚝蚝先生上水径店', '蚝蚝先生民治店', '蚝蚝先生金地龙城店', '蚝蚝先生优城店', '蚝蚝先生上合店', '蚝蚝先生前海店', '蚝蚝先生壹城中心店', '蚝蚝先生梅林店', '蚝蚝先生南山枫叶店', '蚝蚝先生白石龙店', '蚝蚝先生坂田乐荟店', '蚝蚝先生云城店', '蚝蚝先生大浪分店', '蚝先生', '蚝好先生']"
437,民强茶铺,['强']
438,拾味馆,"['拾味馆餐饮管理有限公司-深国投店', '拾味馆深圳深国投店', '深圳市龙岗区拾味馆']"
439,寂寞的鸭子,['鸭才子']
441,老盛昌汤包,"['昌', '老盛']"
442,广州酒家,"['广州酒家', '广州酒家福星店', '广弘酒家']"
443,莫卡乡村,['莫']
444,天宝楼,['天宝']
445,香港食盈碗仔翅,['盈']
446,新白鹿,['新白鹿深圳京基kkone店']
447,客语,"['客语-客家菜（光明龙光店）', '客语-客家菜（深业上城店）', '客语-客家菜（龙岗万达店）', '客语KKONE店', '客语花园城店', '客语-客家菜（金光华店）', '客语深国投店', '客语-客家菜（宝安大仟里店）', '客语-客家菜（仁恒梦中心店）', '客语-客家菜（福田卓悦汇店）', '客语-客家菜(观澜湖新城店)', '客语-客家菜（南山益田假日店）', '客语客家菜龙岗万科店', '客语马成时代店', '客语-客家菜(布吉万象汇店)', '客语-客家菜（海岸城概念店）', '客语-河鲜臻选店（笋岗万象食家）', '客语-客家菜（宝安海雅店）', '客语-客家菜（万象天地店）', '客语（龙华店）', '客语（坂田店）', '客语-客家菜(世纪汇店)', '客语（福永店）', '客语-客家菜（西丽万科店）', '客语-客家菜（前海万象店）', '客语-臻品客家菜（万科超总店）', '客语-客家菜（布吉万象汇店）', '客语-客家菜(福田卓悦汇店)', '客语-客家菜（KK ONE店）', '客语-客家菜（世纪汇店）', '客语-客家菜（益田广场店）']"
449,桂小厨,"['深圳市桂小厨餐饮有限公司壹方城分公司', '小厨']"
450,锅边侠,['连江石磨海鲜锅边']
451,金满蛋糕,['金冠蛋糕']
454,大快活,"['大快活', '深圳大快活快餐有限公司']"
455,西关味,"['关', '广味老西关']"
456,小满手工粉,"['满哥手工粉', '小粄手工粉', '小粄手工粉（卓越店）', '小粄手工粉（红山6979店）']"
457,紫光园,['紫园']
458,巴依老爷新疆美食,"['巴依老爷新疆美食深圳下沙店', '依', '依+依', '巴依老爷·新疆食府', '美食汇', '美食轩', '美食站', '美食坊', '美食馆', '美食家']"
459,农耕记,"['农耕记', '农耕记湖南土菜', '深圳市农耕记餐饮店(坂田)', '深圳市农耕记餐饮有限公司', '深圳市农耕记智慧科技有限公司', '待农耕记4确认收款']"
460,蔡澜港式点心,"['蔡澜港式点心', '蔡澜港式点心（龙岗万科广场店）', '蔡澜港式点心（光明大仟里店）', '蔡澜港式点心（宝安大仟里店）', '蔡', '蔡澜港式点心(深圳卓悦汇店)', '蔡澜港式点心(深圳龙华天虹购物中心店)', '蔡澜港式点心（龙华天虹购物中心店）', '蔡澜港式点心（南山来福士店）', '蔡澜港式点心（中航城君尚店）', '蔡澜港式点心（卓悦中心店）', '点心荟', '点心侠']"
461,原味主张椰子鸡,"['原味主张椰子鸡', '深圳市原味主张椰子鸡南山分店', '原味主张椰子鸡(悦方广场店)', '原味主张椰子鸡岁宝益田店', '原味主张椰子鸡光明万达店', '原味主张', '原味主张椰子鸡（沙井店）', '深圳原味主张椰子鸡（金吉祥广场店）', '深圳原味主张椰子鸡(观澜湖新城店)', '原味主张椰子鸡（宝安上合优城店）', '原味主张椰子鸡（布吉佳兆业店）', '原味主张椰子鸡（悦方广场店）', '原味椰子鸡', '原味主张椰子鸡西乡店', '原味主张椰子鸡凤凰店', '原味主张椰子鸡天利店', '原味主张·椰子鸡（观澜湖新城店）']"
462,辣员外-重庆老火锅,"['重庆老火锅', '田火辣重庆老火锅']"
465,美奈小馆,"['深圳市美奈小馆店', '美奈小馆星河购物公园店', '美奈小馆海雅缤纷城店', '美发小馆']"
466,真真厦港,['真真']
467,研卤堂现捞热卤,['卤什么现捞热卤']
468,虎头局渣打饼行,['行']
469,唐恩都乐,"['唐', '恩', '，，，唐']"
470,MR.TOAST吐司先生,"['MR', '剪.Mr', 'Mr Wang', 'mr max网咖', 'Mr Liang', 'Mr 蔡', 'Mr.Z', 'MR-郑', 'MR 魔法衣橱', '👈Mr. Chen', 'Mr..超']"
472,小李烧鸡,"['小李', '小李烧烤']"
473,敏华冰厅,"['敏华冰厅深圳kkmall分店', '敏华冰厅（深圳平安金融中心分店）', '敏华冰厅（深圳万科广场分店）', '敏华冰厅（深圳壹方城店）', '敏', '敏华冰厅(深圳卓悦店)']"
474,肥韬金牌茶餐厅,"['肥韬金牌茶餐厅', '茶餐厅', '肥韬茶餐厅', '肥韬·香港金牌茶餐厅', '肥韬琻牌茶餐厅（南山mini店）', '茶美餐厅', '肥韬茶餐厅（南山mini店）', '肥韬茶餐厅（皇庭旗舰店）', '肥韬茶餐厅（南山旗舰店）', '肥韬茶餐厅（光明万达店）']"
476,牛小灶牛腩煲,"['牛小灶', '牛小灶牛杂煲']"
477,子情贝诺,"['子情贝诺', '掌上生活-（年度新户）子情贝诺30元代金券', '深圳子情贝诺', '子情贝诺会展南店', '子情贝诺会展北店', '子情贝诺和平店', '子情贝诺ICHIBENOR', '子情贝诺Online', '情', '深圳市子情贝诺品牌管理有限公司正力广场分公司', '深圳市子情贝诺品牌管理有限公司石岩分公司', '深圳市子情贝诺品牌管理有限公司万丰分公司', '子情贝诺来福士店', '掌上生活-子情贝诺·生日蛋糕（学府店）', '深圳市子情贝诺品牌管理有限公司和平分公司', '深圳市子情贝诺品牌管理有限公司后瑞分公司', '子情贝诺·面包蛋糕（绿海湾店）', '诺']"
478,卤有有,['有']
479,鸟剑居酒屋,"['鸟剑居酒屋', '鸟剑居酒屋东海国际店', '鸟剑居酒屋景田店', '鸟剑居酒屋嘉汇广场店', '鸟剑居酒屋石厦店', '剑', '鸟剑居酒屋南山大道店', '鸟剑居酒屋东华园店', '颜鲜烧鸟居酒屋（西丽店）']"
480,谭德七鬼包子,['鬼包子']
481,牛奶棚,"['深圳市南山区风行牛奶', 'A燕麦牛奶', '银鹭花生牛奶', '东方御景晨光牛奶', '无糖巧克力牛奶', '兴联发牛奶', '一杯纯牛奶🥛', '湛江风行牛奶', '简单白全脂牛奶', '蒙牛纯牛奶', '冰可可牛奶']"
482,有茶,"['有茶', 'YOTEA有茶', 'YO!TEA有茶（龙岗天光城店）', '深圳市龙岗龙城万科里有茶', '金有茶铺', 'YO!Tea有茶（摩尔城店）', '深圳市有茶龙城万科里店', '有茶天安云谷店', 'YO!Tea有茶', 'YOTEA有茶（大浪商业中心店）', '深圳市福田区楠方有茶饮品店', 'YOTEA有茶(福田丰盛町店)', '深圳市有茶光明大仟里店', '深圳市有茶餐饮天安云谷店', '深圳市宝安区佳漾汇有茶饮品店', '有茶YOTEA(深圳横岗天虹店)', '天有茶庄丨罗湖店', '有茶（中航城君尚购物中心店）', 'YO！tea有茶航城里店', '深圳市宝安区有茶小刺猬水果茶饮店', '万科滨海置地店（有茶）', 'YO!TEA有茶', '深圳市龙岗区有茶坂田乐荟店', 'YOTEA有茶乐淘里店', '有茶水果茶饮店']"
483,广莲申,['申']
484,鲁味斋,['鲁']
485,大益茶庭,"['大益茶', '天利名城大益茶', '大益茶（公元盛世体验馆）']"
486,老碗会,"['老碗会', '老碗会陕西手工面', '老碗会（世贸店）', '老碗会连城二期店', '会', '老碗会软件产业基地', '老碗会龙华龙悦居店', '老碗会民治天虹店', '老碗会福田卓悦店', '老碗会福永益田店', '老碗会中心书城店', '老碗会东门太阳百货店', '老碗会梦创广场店', '老碗会光明广场店', '老碗会·陕西手工面（瑞思CC店）']"
488,baker&Spice,"['Ak', 'aK', 'CE', 'Ice', 'PRICE', 'CNE', 'oic bakery', 'ICA BAKE']"
491,京炉·北京烤鸭火锅,['北京烤鸭']
492,七个粉,['七个粉']
493,LOKAL,"['OK', 'oK', 'POLOWALK', 'ALS', '深圳市LOOKA咖啡店', '深圳市POLOWALK卓越沙井店', 'ALi', '浮生花事FLORALIFE', 'local bar']"
494,daozao料理美术馆,"['ZAO', 'DaoDao']"
495,MJ水果鲜奶茶,"['J', 'MJ', '水果鲜']"
497,不二斋,['不二']
498,FOODBOWL超级碗轻食,"['bo', 'BO', 'OD', 'WL']"
500,炊烟小炒黄牛肉,"['黄牛肉', '小炒', '黄牛肉档', '牛肉挡', '牛肉丸', '牛肉店', '牛羊肉', '牛肉酱', '牛肉档', '笨湘小炒黄牛肉']"
501,鸟鹏烧鸟居酒屋,"['鸟鹏烧鸟居酒屋', '鹏', '鸟鸣烧鸟居酒屋', '鸟鸣烧鸟居酒屋（天安云谷店）']"
502,皖厨,"['深圳市皖厨印力餐饮有限公司', '皖厨上城店', '深圳市皖厨壹方城餐饮有限公司', '皖厨山徽店', '深圳市皖厨卓中餐饮有限公司', '深圳市皖厨雅宝餐饮有限公司', '皖厨超总店', '深圳市皖厨徽时餐饮有限公司', '皖厨万食店']"
503,深井陈记烧鹅,"['陈记', '陈记烧鹅', '陈记烧鹅店', '烧鹅皇', '烧鹅王', '烧鹅坊']"
504,悦百味·品质川菜,"['川菜馆', '川菜王']"
505,TWGTea,"['TWG Tea', 'Eva']"
506,一心烤肉,"['一心', '一心烧烤']"
508,丘大叔柠檬茶,"['丘大叔', '丘大叔柠檬茶（东海缤纷天地分店）', '丘大叔柠檬茶（欢乐海岸店）', '丘', '丘大叔柠檬茶（前海科兴分店）', '丘大叔柠檬茶（皇庭广场分店）', '丘大叔柠檬茶（万象天地店）', '丘大叔柠檬茶（罗湖宝能分店）', '朱大叔柠檬茶', '茂名市朱大叔柠檬茶饮品店', '大咖柠檬茶', '大C柠檬茶', '龙叔柠檬茶', '康大叔手打柠檬茶']"
510,圣都爪掌柜,['圣']
511,牛大吉,['牛大吉']
513,墨茉点心局,['墨']
514,山山家,['商户_代山山']
516,卡玛王子,"['卡玛王子', '深圳市卡玛王子餐饮管理有限公司', '卡玛王子井形色城店', '卡玛王子（龙华大浪店）']"
518,BERRYHERE,"['Yh', 'Ry', 'YH', 'Rex']"
519,四小姐的店,"['二小姐的店', '橙小姐的店', '楠小姐的店', '小姐姐的花店', '二小姐的店（福城天虹店）', '深圳市二小姐的店（龙坪天虹店）', '黄小姐的店（平湖店）', '黄小姐的店（宝安店）', '深圳市宝安松岗夏小姐的店服装店']"
520,C‘FINE初饭轻食咖啡,"['c f♛', '瑞致纯剪（C）', 'G.P.I.C', 'C--君', 'THE ""STAR"" FERRY C L', 'C-137', 'C 小罗', '荣耀6A 数据线 USB Type-A转USB Type-C', 'FAR EAST HYDROFOIL C', 'APP智能证件照-电子照-基础-一寸-C', 'C°Cafe', '【开源】QT-mysql-C++万能XX管理系统（客户端+管']"
521,蘩楼,"['蘩楼（黄贝岭店）', '蘩楼（蛇口店）', '蘩楼（南山信和广场店）', '蘩楼（罗湖口岸佳宁娜广场店）', '蘩楼（宝安南路店）', '蘩楼（华强北店）', '蘩楼（西乡店）', '蘩楼（龙岗中心城世贸店）']"
522,He’s何师烧烤,"['E？S', '何', '烧烤摊', '烧烤吧', '烧烤店', '烧烤档']"
523,牛牛西厨,"['牛牛', '牛牛西施']"
526,小霞包点,"['小霞包点', '小霞包点（深圳店1）', '小霞包点深圳松岗店', '小霞包点（深圳店）', '小霞包点（深圳南山店）', '小霞包点（观平路店）', '小霞包点（融域名城店）', '小霞包点深圳盛平店', '小霞包点上塘店', '小霞包点深圳民治店', '小霞包点沙井店', '小霞包点（石鼓店）', '小霞包点和平店', '霞', '包点', '龙华区共和花园小霞包点', '小霞包点广州市光孝路店', '小霞包点（南油店）', '龙华小霞包点', '小霞', '小霞包点深圳金鼎盛店', '小霞包点（南山店）', '小霞包点（宝安三围店）', '小霞包點', '小霞糕点', '小燕包点']"
527,炸小明,"['明', '小明']"
528,蛋糕盒子,['蛋糕盒']
529,容先生夫妻肺片,['容']
532,TACO STAR,"['喜福星有限公司 PROGRESSIVE STAR LIMITED', '星享餐厅-star&kitchen', 'starr', 'Stars', 'TK STAR', 'All-star']"
533,途尚咖啡,"['恋尚咖啡', '尚道咖啡', '街尚咖啡']"
537,2046湘味厨房,"['0', '6', '味厨', '2', '2046湘味厨房（科技园南区3店）', '2046湘味厨房（深圳湾店）', '4', '46', '20', '2046湘味厨房（科技园海王店）']"
538,玲姐海鲜火锅,"['玲', '玲姐', '💫💫玲']"
539,傻子烧鸡酱肉,"['酱', '傻子', '烧鸡酱牛肉']"
540,捞厨好面,"['捞厨好面', '深圳市捞厨好面', '捞厨好面（连城新天地店）', '捞厨好面（上梅林卓越城店）', '捞厨好面（兴东店）', '捞厨好面宝能店', '捞厨好面港铁颂荟店', '捞厨好面（清湖店）', '捞厨好面 创维店', '捞厨好面（E城店）', '捞厨好面（万科云城店）', '捞厨好面（高铁店）', '捞厨好面梅林店', '捞厨好面御龙湾店', '捞厨好面天安云谷店', '福永天虹捞厨好面馆', '超吉捞厨好面勤诚达店']"
541,桃园汤包,"['桃李汤包', '农园汤包', '沁园汤包', '新园汤包', '春园汤包']"
542,cococean椰子水,"['Ocean', 'oclean']"
544,点点鲜,"['深圳市龙岗区点点鲜果批发行', '每天努力一点点']"
546,牛九张宫廷酥牛肉饼,"['宫廷酥牛肉饼', '牛九张']"
547,大满贯Damanguan,"['man', 'UA', 'Man', 'Awang', 'AngIa', 'Amani', 'amain']"
550,南城香,['深圳市飞翔小白鸽（华南城）']
551,御蝶坊,"['御蝶坊', '御蝶坊(海上世界店)', '御蝶坊(石岩店)', '御蝶坊(上合店)', '御蝶坊(香缤广场店)', '御蝶坊(领域店)', '御蝶坊(新地中央店)', '御蝶坊(光明蓝鲸世界店)', '御蝶坊(中粮创芯店)', '御蝶坊(后瑞店)', '御蝶坊(石岩世纪城店)', '御蝶坊(前海店)', '御蝶坊(光明大仟里店)', '御蝶坊(西荟城店)', '御蝶坊(信和店)', '御蝶坊(翻身店)', '御蝶坊(宝安勤诚达店)', '御蝶坊(康城店)', '御蝶坊(嘉域店)', '御蝶坊(新澜店)', '御蝶坊(福永天虹店)', '御蝶坊(中洲店)', '御蝶坊(欢乐港湾店)', '御蝶坊(龙华书城店)', '御蝶坊(新村店)', '御蝶坊(新城市广场店)', '御蝶坊(灵芝店)', '御蝶坊(宝能城店)']"
552,讲喜冰室,"['喜瑞冰室', '喜点冰室', '喜家冰室']"
554,肥汁米兰香港米线,['米兰']
555,食古论今,['论']
556,柏斯garden,"['DENG', 'Dean', 'End', 'harden']"
557,金稻园砂锅粥,"['砂锅粥', '稻香园砂锅粥', '东园砂锅粥', '南园砂锅粥', '稻香园潮汕砂锅粥']"
558,陈鹏鹏卤鹅饭店,"['陈鹏鹏卤鹅饭店', '陈鹏卤鹅饭店', '卤鹅饭店', '鹏鹏', '陈鹏']"
559,春满园,"['春满园', '春满园(时代店)', '深圳市春满园龙源盛世餐饮管理有限公司', '深圳市春满园粤和海顺大酒楼有限公司', '春满园(东方世纪店)', '春满园(时代科技店)', '深圳市春满园喜宴餐饮管理有限公司', '深圳市春满园濠盛餐饮管理有限公司', '春满园(龙楹湾店)', '深圳市春满园前面是海餐饮管理有限公司', '深圳市春满园东方世纪大酒楼有限公司', '深圳市春满园濠盛店', '深圳市春满园酒店管理有限公司', '深圳市春满园山海宴食馆有限公司', '春满园饮食管理服务(深圳)龙楹湾酒楼', '春满园饮食管理服务(深圳)时代科技大酒楼', '深圳市春满园粤餐厅', '深圳市春满园海景湾店', '深圳市春满园海景湾餐饮管理有限公司', '深圳市春满园前面是海店', '深圳市春满园时代大酒楼', '深圳市春满园龙源盛世店', '深圳市春满园物业管理有限公司', '春满园大酒楼']"
563,蓝瓶咖啡,"['COTTI COFFEE', 'Morse Coffee', 'KING COFFEE', 'A coffee 咖啡', 'Blue Bag', 'ART COFFEE', 'wavy coffee', 'SIVAN COFFEE', 'BIRR COFFEE', 'PAIX COFFEE', 'the coffee', 'LOTTA COFFEE', 'YOKO COFFEE', 'COFFEE P.S.', 'DUNE COFFEE', 'wish coffee', 'ooo coffee', 'BETA COFFEE', 'BREVO COFFEE', 'Intro coffee', 'JYC COFFEE', 'TABLE COFFEE', 'Blue P', 'anew coffee', 'BELLA COFFEE', 'abit coffee', 'bre.coffee', 'Keeki Coffee', 'AKK Coffee', 'DDAO coffee', 'No.8 Coffee', 'MAN coffee', 'No.t Coffee', '瑞艺恩·coffee', 'USSO COFFEE', 'click coffee', 'cay coffee', 'Meet Coffee', 'Paige coffee', 'Coffee Raw', 'BAM. COFFEE', 'MlCOO COFFEE', 'Chill Coffee', 'Blue Whale', 'Tri coffee', 'RACY COFFEE', 'Ghost Coffee', 'KABO COFFEE', 'Add+ Coffee', 'EEL COFFEE', 'UP&UP Coffee', 'TRY COFFEE', 'FAVOR COFFEE', '534 Three dimensional bright moon, blue and white 立体皓月蓝白', 'PURE COFFEE', 'light coffee', 'LOCAL COFFEE', 'Blue Auction', 'Yoka Coffee', 'loopy•coffee', 'Vibe coffee', 'T·A·B Coffee', '葵·COFFEE PUB', 'its coffee', 'OASIS COFFEE', 'BLUE WOLF Coffee', 'Ablue Art Coffee', 'Sencoffee']"
564,天台上见,"['天台上见烧烤', '深圳市天台上见餐饮有限公司']"
566,喜婆婆炸串,"['炸串铺', '炸串店']"
